ID,airline,airlineID,sourceAirport,sourceAirportID,destinationAirport,destinationAirportID,codeshare,stops,equipment
1,AA,24,ABE,4355,CLT,3876,Y,0,CR9 CR7 CRJ
2,AA,24,ABE,4355,PHL,3752,,0,DH3
3,AA,24,ABI,3718,DFW,3670,Y,0,ERD ER4 CRJ
4,AA,24,ABQ,4019,DFW,3670,,0,M83 M80
5,AA,24,ABQ,4019,LAX,3484,Y,0,CR7 CRJ
6,AA,24,ABQ,4019,ORD,3830,Y,0,E75
7,AA,24,ABQ,4019,PHX,3462,Y,0,CRJ CR9
8,AA,24,ABZ,532,LHR,507,Y,0,321 320 319
9,AA,24,ACC,248,LHR,507,Y,0,744
10,AA,24,ACT,3700,DFW,3670,Y,0,ER4 ERD
11,AA,24,ADL,3341,BNE,3320,Y,0,737
12,AA,24,ADL,3341,SYD,3361,Y,0,737
13,AA,24,AEX,3852,DFW,3670,Y,0,ER4 CRJ ERD
14,AA,24,AGP,1230,LHR,507,Y,0,320
15,AA,24,AGS,3658,CLT,3876,,0,DH8 CRJ
16,AA,24,AGS,3658,DCA,3520,Y,0,CRJ
17,AA,24,AGU,1785,DFW,3670,Y,0,ER4
18,AA,24,AKL,2006,BNE,3320,Y,0,737
19,AA,24,AKL,2006,PPT,4075,Y,0,340
20,AA,24,AKL,2006,SYD,3361,Y,0,737
21,AA,24,ALB,3864,CLT,3876,,0,319
22,AA,24,ALB,3864,DCA,3520,Y,0,E75 CRJ E70
23,AA,24,ALB,3864,PHL,3752,,0,DH3
24,AA,24,ALO,5718,ORD,3830,Y,0,ERD
25,AA,24,AMA,3840,DFW,3670,Y,0,ER4 CRJ ERD
26,AA,24,AMM,2170,JFK,3797,Y,0,340 330
27,AA,24,AMM,2170,ORD,3830,Y,0,340
28,AA,24,AMM,2170,YUL,146,Y,0,330
29,AA,24,AMS,580,LHR,507,Y,0,320 767 321 319
30,AA,24,AMS,580,PHL,3752,,0,757
31,AA,24,ANC,3774,LAX,3484,Y,0,737
32,AA,24,ANC,3774,PHX,3462,,0,319 320
33,AA,24,ANU,2874,CLT,3876,,0,319
34,AA,24,ANU,2874,JFK,3797,,0,738
35,AA,24,ANU,2874,MIA,3576,,0,738
36,AA,24,AQP,2802,LIM,2789,Y,0,319
37,AA,24,ARN,737,LHR,507,Y,0,320 321 319
38,AA,24,ART,3838,ORD,3830,Y,0,ERD
39,AA,24,ART,3838,PHL,3752,Y,0,CRJ
40,AA,24,ASP,3319,SYD,3361,Y,0,737
41,AA,24,ASU,2699,MIA,3576,,0,757
42,AA,24,ATH,3941,LHR,507,Y,0,320 767
43,AA,24,ATH,3941,PHL,3752,,0,332
44,AA,24,ATL,3682,CLT,3876,Y,0,319 320 CR9 321
45,AA,24,ATL,3682,DFW,3670,,0,M80 319 M83
46,AA,24,ATL,3682,LHR,507,Y,0,777
47,AA,24,ATL,3682,MIA,3576,,0,738
48,AA,24,ATL,3682,ORD,3830,Y,0,CR7 E75
49,AA,24,ATL,3682,PHL,3752,Y,0,E75 E90 319 CRJ E70
50,AA,24,ATL,3682,PHX,3462,Y,0,320 321
51,AA,24,AUA,2895,CLT,3876,,0,757 319 320
52,AA,24,AUA,2895,MIA,3576,,0,738
53,AA,24,AUA,2895,PHL,3752,,0,320
54,AA,24,AUH,2179,CMB,3024,Y,0,320
55,AA,24,AUH,2179,DUS,345,Y,0,330
56,AA,24,AUH,2179,IAD,3714,Y,0,340
57,AA,24,AUH,2179,ISB,2223,Y,0,320 332
58,AA,24,AUH,2179,JFK,3797,Y,0,777
59,AA,24,AUH,2179,LHE,2207,Y,0,332 320 77W
60,AA,24,AUH,2179,LHR,507,Y,0,777
61,AA,24,AUH,2179,MCT,2194,Y,0,777
62,AA,24,AUH,2179,ORD,3830,Y,0,777
63,AA,24,AUS,3673,CLT,3876,Y,0,CR9
64,AA,24,AUS,3673,DFW,3670,,0,M80 738 M83
65,AA,24,AUS,3673,JFK,3797,,0,738
66,AA,24,AUS,3673,LAX,3484,,0,738 M83
67,AA,24,AUS,3673,LHR,507,,0,787
68,AA,24,AUS,3673,MSY,3861,,0,
69,AA,24,AUS,3673,ORD,3830,,0,M83 M80
70,AA,24,AUS,3673,PHL,3752,,0,319 E90
71,AA,24,AUS,3673,PHX,3462,,0,319
72,AA,24,AVL,4007,CLT,3876,,0,DH8 DH3
73,AA,24,AVP,4286,CLT,3876,,0,CRJ
74,AA,24,AVP,4286,PHL,3752,,0,DH3
75,AA,24,AZO,4039,ORD,3830,Y,0,ER4 ERD
76,AA,24,BAH,2057,DOH,11051,Y,0,777
77,AA,24,BAH,2057,LHR,507,Y,0,777
78,AA,24,BCN,1218,JFK,3797,,0,763
79,AA,24,BCN,1218,LHR,507,Y,0,320 319 321 767
80,AA,24,BCN,1218,MIA,3576,,0,763
81,AA,24,BCN,1218,PHL,3752,,0,332
82,AA,24,BDA,4069,JFK,3797,,0,738
83,AA,24,BDA,4069,MIA,3576,,0,738
84,AA,24,BDA,4069,PHL,3752,,0,319
85,AA,24,BDL,3825,CLT,3876,,0,320 321 319
86,AA,24,BDL,3825,DCA,3520,Y,0,E75 CRJ E70
87,AA,24,BDL,3825,DFW,3670,,0,738
88,AA,24,BDL,3825,LAX,3484,,0,738
89,AA,24,BDL,3825,MIA,3576,,0,738
90,AA,24,BDL,3825,ORD,3830,Y,0,E75 ER4
91,AA,24,BDL,3825,PHL,3752,,0,319 DH3 E90
92,AA,24,BDL,3825,PIT,3570,Y,0,ER4
93,AA,24,BFL,3558,PHX,3462,Y,0,CRJ CR9
94,AA,24,BGI,2875,MIA,3576,,0,757
95,AA,24,BGM,4129,PHL,3752,,0,DH3
96,AA,24,BGO,636,LHR,507,Y,0,319
97,AA,24,BGR,3463,DCA,3520,Y,0,CRJ E70
98,AA,24,BGR,3463,PHL,3752,Y,0,E75 CRJ
99,AA,24,BHD,467,LHR,507,Y,0,319
100,AA,24,BHM,3811,CLT,3876,,0,CRJ CR7
101,AA,24,BHM,3811,DCA,3520,,0,CRJ
102,AA,24,BHM,3811,DFW,3670,,0,M80 M83
103,AA,24,BHM,3811,MIA,3576,Y,0,ER4
104,AA,24,BHM,3811,PHL,3752,,0,CRJ
105,AA,24,BJL,1050,DKR,1084,Y,0,L4T
106,AA,24,BJX,1815,DFW,3670,,0,319
107,AA,24,BKK,3885,KUL,3304,,0,737
108,AA,24,BKK,3885,NRT,2279,,0,763
109,AA,24,BLQ,1538,LHR,507,Y,0,319 320
110,AA,24,BLR,3131,LHR,507,Y,0,777
111,AA,24,BMI,4037,DFW,3670,Y,0,ER4
112,AA,24,BMI,4037,ORD,3830,Y,0,ER4 ERD
113,AA,24,BNA,3690,CLT,3876,,0,319 CR7
114,AA,24,BNA,3690,DCA,3520,,0,CRJ
115,AA,24,BNA,3690,DFW,3670,,0,M80 738 M83
116,AA,24,BNA,3690,JFK,3797,Y,0,ER4
117,AA,24,BNA,3690,LAX,3484,,0,738
118,AA,24,BNA,3690,LGA,3697,Y,0,CR7
119,AA,24,BNA,3690,MIA,3576,,0,738
120,AA,24,BNA,3690,ORD,3830,Y,0,ERD ER4 CR7 E75
121,AA,24,BNA,3690,PHL,3752,,0,CRJ
122,AA,24,BNE,3320,ADL,3341,Y,0,737
123,AA,24,BNE,3320,AKL,2006,Y,0,737
124,AA,24,BNE,3320,CBR,3355,Y,0,737
125,AA,24,BNE,3320,CNS,3322,Y,0,737
126,AA,24,BNE,3320,DRW,3999,Y,0,763
127,AA,24,BNE,3320,LAX,3484,Y,0,744
128,AA,24,BNE,3320,MEL,3339,Y,0,737
129,AA,24,BNE,3320,PER,3351,Y,0,330
130,AA,24,BNE,3320,SYD,3361,Y,0,744 737
131,AA,24,BNE,3320,TSV,3330,Y,0,737
132,AA,24,BOG,2709,DFW,3670,,0,319
133,AA,24,BOG,2709,MIA,3576,,0,757 763
134,AA,24,BOI,3495,PHX,3462,,0,319
135,AA,24,BOM,2997,LHR,507,Y,0,777
136,AA,24,BOS,3448,BUF,3820,Y,0,CRJ
137,AA,24,BOS,3448,CLT,3876,,0,319 321 320 E90
138,AA,24,BOS,3448,CUN,1852,,0,319
139,AA,24,BOS,3448,DCA,3520,,0,319 E90
140,AA,24,BOS,3448,DFW,3670,,0,738 757
141,AA,24,BOS,3448,JFK,3797,,0,738
142,AA,24,BOS,3448,LAX,3484,,0,738 757
143,AA,24,BOS,3448,LGA,3697,,0,E90 319
144,AA,24,BOS,3448,LHR,507,Y,0,777 744
145,AA,24,BOS,3448,MAD,1229,,0,330
146,AA,24,BOS,3448,MDT,3542,,0,DH3
147,AA,24,BOS,3448,MIA,3576,,0,757 738
148,AA,24,BOS,3448,NRT,2279,,0,787
149,AA,24,BOS,3448,ORD,3830,,0,738
150,AA,24,BOS,3448,PDX,3720,Y,0,737
151,AA,24,BOS,3448,PHL,3752,,0,E90 319 321 320
152,AA,24,BOS,3448,PHX,3462,,0,320 319 321
153,AA,24,BOS,3448,PIT,3570,Y,0,E70 CRJ
154,AA,24,BOS,3448,RIC,3608,Y,0,CRJ
155,AA,24,BOS,3448,ROC,3622,Y,0,CRJ
156,AA,24,BOS,3448,SAN,3731,Y,0,737
157,AA,24,BOS,3448,SEA,3577,Y,0,737
158,AA,24,BOS,3448,SYR,3745,,0,DH3
159,AA,24,BPT,3612,DFW,3670,Y,0,CRJ ERD ER4
160,AA,24,BRO,3738,DFW,3670,Y,0,CRJ ER4
161,AA,24,BRU,302,LHR,507,Y,0,319 320 321
162,AA,24,BRU,302,PHL,3752,,0,767
163,AA,24,BSB,2531,MIA,3576,,0,757 763
164,AA,24,BSL,1423,LHR,507,Y,0,319 320
165,AA,24,BTR,3846,CLT,3876,,0,CRJ
166,AA,24,BTR,3846,DFW,3670,Y,0,CRJ ERD ER4
167,AA,24,BTV,3711,DCA,3520,,0,CRJ
168,AA,24,BTV,3711,PHL,3752,,0,E90
169,AA,24,BUD,1489,LHR,507,Y,0,320
170,AA,24,BUF,3820,BOS,3448,Y,0,CRJ
171,AA,24,BUF,3820,CLT,3876,,0,320 319 737
172,AA,24,BUF,3820,DCA,3520,Y,0,E70 CRJ E75
173,AA,24,BUF,3820,ORD,3830,Y,0,CR7 ER4 E75
174,AA,24,BUF,3820,PHL,3752,,0,DH3
175,AA,24,BUR,3644,PDX,3720,Y,0,CR7
176,AA,24,BUR,3644,PHX,3462,Y,0,CR9 CRJ
177,AA,24,BUR,3644,SEA,3577,Y,0,737
178,AA,24,BWI,3849,CLT,3876,,0,E90 321 757 319 737 320
179,AA,24,BWI,3849,DFW,3670,,0,M83 M80
180,AA,24,BWI,3849,JFK,3797,Y,0,ER4
181,AA,24,BWI,3849,LHR,507,Y,0,767
182,AA,24,BWI,3849,MIA,3576,,0,738
183,AA,24,BWI,3849,ORD,3830,Y,0,E75 ER4 CR7
184,AA,24,BWI,3849,PHL,3752,,0,319 DH3 E90
185,AA,24,BWI,3849,PHX,3462,,0,319 320
186,AA,24,BZE,1957,CLT,3876,,0,319
187,AA,24,BZE,1957,DFW,3670,,0,738
188,AA,24,BZE,1957,MIA,3576,,0,738
189,AA,24,CAE,3561,CLT,3876,,0,DH8
190,AA,24,CAE,3561,DCA,3520,,0,CRJ
191,AA,24,CAE,3561,DFW,3670,Y,0,ER4
192,AA,24,CAE,3561,PHL,3752,Y,0,CRJ
193,AA,24,CAK,4112,CLT,3876,,0,CR7 CRJ
194,AA,24,CAK,4112,DCA,3520,Y,0,CRJ
195,AA,24,CAK,4112,PHL,3752,,0,CRJ
196,AA,24,CBR,3355,BNE,3320,Y,0,737
197,AA,24,CBR,3355,MEL,3339,Y,0,737
198,AA,24,CBR,3355,SYD,3361,Y,0,737
199,AA,24,CCS,2851,DFW,3670,,0,738
200,AA,24,CCS,2851,JFK,3797,,0,757 738
201,AA,24,CCS,2851,MIA,3576,,0,757 763 738
202,AA,24,CCS,2851,SJU,2890,,0,738
203,AA,24,CDG,1382,CLT,3876,,0,333
204,AA,24,CDG,1382,DFW,3670,,0,763 777
205,AA,24,CDG,1382,JFK,3797,,0,763 757
206,AA,24,CDG,1382,KUL,3304,,0,380
207,AA,24,CDG,1382,LHR,507,Y,0,319 320 321
208,AA,24,CDG,1382,MIA,3576,,0,763
209,AA,24,CDG,1382,ORD,3830,,0,763
210,AA,24,CDG,1382,PHL,3752,,0,332
211,AA,24,CHA,3578,CLT,3876,,0,CRJ DH8
212,AA,24,CHA,3578,DCA,3520,Y,0,CRJ
213,AA,24,CHA,3578,DFW,3670,Y,0,ER4 ERD
214,AA,24,CHA,3578,ORD,3830,Y,0,ER4 ERD
215,AA,24,CHC,2009,SYD,3361,Y,0,737
216,AA,24,CHO,4015,CLT,3876,,0,DH8 CRJ DH3
217,AA,24,CHO,4015,LGA,3697,Y,0,ERD
218,AA,24,CHO,4015,ORD,3830,Y,0,CRJ
219,AA,24,CHO,4015,PHL,3752,,0,DH3
220,AA,24,CHS,3806,CLT,3876,,0,319 CR7 DH8
221,AA,24,CHS,3806,DCA,3520,Y,0,E70 CRJ E75
222,AA,24,CHS,3806,DFW,3670,Y,0,ER4 ERD
223,AA,24,CHS,3806,MIA,3576,Y,0,ER4
224,AA,24,CHS,3806,PHL,3752,,0,CRJ
225,AA,24,CID,4043,DFW,3670,Y,0,ER4 CRJ
226,AA,24,CID,4043,ORD,3830,Y,0,ER4
227,AA,24,CLE,3486,CLT,3876,,0,319
228,AA,24,CLE,3486,DFW,3670,,0,319
229,AA,24,CLE,3486,JFK,3797,Y,0,ER4
230,AA,24,CLE,3486,MIA,3576,Y,0,ER4
231,AA,24,CLE,3486,ORD,3830,Y,0,CR7 ER4 ERD
232,AA,24,CLE,3486,PHL,3752,Y,0,E75 CRJ E70 CR9
233,AA,24,CLL,3715,DFW,3670,Y,0,ER4 ERD CRJ
234,AA,24,CLO,2715,MIA,3576,,0,738
235,AA,24,CLT,3876,ABE,4355,Y,0,CR7 CRJ CR9
236,AA,24,CLT,3876,AGS,3658,,0,DH8
237,AA,24,CLT,3876,ALB,3864,,0,319
238,AA,24,CLT,3876,ANU,2874,,0,319
239,AA,24,CLT,3876,ATL,3682,Y,0,320 CR9 321 319
240,AA,24,CLT,3876,AUA,2895,,0,757 319 320
241,AA,24,CLT,3876,AUS,3673,,0,CR9
242,AA,24,CLT,3876,AVL,4007,,0,DH8 DH3
243,AA,24,CLT,3876,AVP,4286,Y,0,CRJ CR9
244,AA,24,CLT,3876,BDL,3825,,0,319 321 320
245,AA,24,CLT,3876,BHM,3811,,0,CRJ
246,AA,24,CLT,3876,BNA,3690,,0,319 CR7
247,AA,24,CLT,3876,BOS,3448,,0,321 319 320
248,AA,24,CLT,3876,BTR,3846,,0,CRJ
249,AA,24,CLT,3876,BUF,3820,,0,319 320 737
250,AA,24,CLT,3876,BWI,3849,,0,319 737 321 757 320 E90
251,AA,24,CLT,3876,BZE,1957,,0,319
252,AA,24,CLT,3876,CAE,3561,,0,DH8
253,AA,24,CLT,3876,CAK,4112,,0,CRJ CR7
254,AA,24,CLT,3876,CDG,1382,,0,333
255,AA,24,CLT,3876,CHA,3578,,0,DH8 CRJ
256,AA,24,CLT,3876,CHO,4015,,0,DH3 DH8
257,AA,24,CLT,3876,CHS,3806,,0,DH8 319 CR7
258,AA,24,CLT,3876,CLE,3486,,0,319
259,AA,24,CLT,3876,CMH,3759,Y,0,CR9 E75 CR7 CRJ E70
260,AA,24,CLT,3876,CRW,4285,,0,DH3 DH8
261,AA,24,CLT,3876,CUN,1852,,0,321 320 737
262,AA,24,CLT,3876,CVG,3488,,0,CRJ CR9
263,AA,24,CLT,3876,CZM,1800,,0,319
264,AA,24,CLT,3876,DAB,3950,,0,CR7
265,AA,24,CLT,3876,DAY,3627,,0,CRJ
266,AA,24,CLT,3876,DCA,3520,,0,319 320 CRJ E90
267,AA,24,CLT,3876,DEN,3751,,0,321 320
268,AA,24,CLT,3876,DFW,3670,,0,M80 321 319 M83 320 737 757
269,AA,24,CLT,3876,DSM,3729,Y,0,CR9
270,AA,24,CLT,3876,DTW,3645,,0,319 321 320
271,AA,24,CLT,3876,DUB,599,,0,757
272,AA,24,CLT,3876,EWN,3730,,0,DH8 CRJ DH3
273,AA,24,CLT,3876,EWR,3494,,0,321 320 737 319
274,AA,24,CLT,3876,FAY,5738,,0,DH8
275,AA,24,CLT,3876,FCO,1555,,0,333
276,AA,24,CLT,3876,FLL,3533,,0,320 737 321 319
277,AA,24,CLT,3876,FLO,3879,,0,DH3 DH8
278,AA,24,CLT,3876,FPO,1948,Y,0,CR7
279,AA,24,CLT,3876,FRA,340,,0,333 332
280,AA,24,CLT,3876,GCM,1926,,0,320 321 319
281,AA,24,CLT,3876,GNV,3472,Y,0,CRJ
282,AA,24,CLT,3876,GPT,4038,Y,0,CR7 CRJ
283,AA,24,CLT,3876,GRU,2564,,0,332
284,AA,24,CLT,3876,GSO,4008,,0,DH8 CR9
285,AA,24,CLT,3876,GSP,4034,,0,DH3 DH8
286,AA,24,CLT,3876,HHH,8314,,0,DH3
287,AA,24,CLT,3876,HPN,3589,Y,0,CRJ
288,AA,24,CLT,3876,HSV,4113,,0,CR7
289,AA,24,CLT,3876,HTS,5742,,0,DH8 DH3
290,AA,24,CLT,3876,IAD,3714,,0,CR7
291,AA,24,CLT,3876,IAH,3550,,0,737 319 321 320
292,AA,24,CLT,3876,ILM,3845,,0,319
293,AA,24,CLT,3876,IND,3585,,0,319
294,AA,24,CLT,3876,JAN,3580,Y,0,CRJ CR7
295,AA,24,CLT,3876,JAX,3712,,0,319 737
296,AA,24,CLT,3876,JFK,3797,,0,321 319
297,AA,24,CLT,3876,LAS,3877,,0,321
298,AA,24,CLT,3876,LAX,3484,,0,321
299,AA,24,CLT,3876,LEX,4017,,0,CR7
300,AA,24,CLT,3876,LGA,3697,,0,321 320 319
301,AA,24,CLT,3876,LHR,507,,0,333
302,AA,24,CLT,3876,LIR,1881,,0,320
303,AA,24,CLT,3876,LIT,3660,Y,0,CR9 CRJ
304,AA,24,CLT,3876,LYH,5753,,0,DH8
305,AA,24,CLT,3876,MBJ,1780,,0,319 321 320
306,AA,24,CLT,3876,MCI,3458,,0,319
307,AA,24,CLT,3876,MCO,3878,,0,321 767 757 319
308,AA,24,CLT,3876,MDT,3542,,0,CR7 319
309,AA,24,CLT,3876,MEM,3473,,0,319
310,AA,24,CLT,3876,MEX,1824,,0,319
311,AA,24,CLT,3876,MGM,4115,Y,0,CRJ
312,AA,24,CLT,3876,MHT,4011,Y,0,CR9
313,AA,24,CLT,3876,MIA,3576,,0,320 321 319 737
314,AA,24,CLT,3876,MKE,3717,Y,0,CR7 CRJ CR9
315,AA,24,CLT,3876,MLB,3671,,0,CRJ
316,AA,24,CLT,3876,MOB,3782,,0,CRJ
317,AA,24,CLT,3876,MSP,3858,,0,319 321 320
318,AA,24,CLT,3876,MSY,3861,Y,0,319 320 E75 CR9
319,AA,24,CLT,3876,MYR,3515,,0,DH8
320,AA,24,CLT,3876,NAS,1953,,0,319 737
321,AA,24,CLT,3876,OAJ,4386,,0,DH8 CR7 CRJ
322,AA,24,CLT,3876,OMA,3454,Y,0,CR9
323,AA,24,CLT,3876,ORD,3830,,0,321 320 CR9 E90
324,AA,24,CLT,3876,ORF,3611,,0,319
325,AA,24,CLT,3876,PBI,3722,,0,320 319 737
326,AA,24,CLT,3876,PDX,3720,,0,320
327,AA,24,CLT,3876,PGV,6959,,0,DH8
328,AA,24,CLT,3876,PHF,3633,,0,CR7
329,AA,24,CLT,3876,PHL,3752,,0,767 E90 319 320 332 757 321 737
330,AA,24,CLT,3876,PHX,3462,,0,757 321
331,AA,24,CLT,3876,PIT,3570,,0,319 737 320 321
332,AA,24,CLT,3876,PLS,1754,,0,321
333,AA,24,CLT,3876,PNS,3564,Y,0,CR9
334,AA,24,CLT,3876,PUJ,1760,,0,319 757 321 320
335,AA,24,CLT,3876,PVD,3641,,0,321 320 319
336,AA,24,CLT,3876,PWM,3862,,0,319
337,AA,24,CLT,3876,RDU,3626,,0,320 737 319 321 E90
338,AA,24,CLT,3876,RIC,3608,,0,319 CR7
339,AA,24,CLT,3876,ROA,4016,,0,DH8 DH3
340,AA,24,CLT,3876,ROC,3622,,0,319
341,AA,24,CLT,3876,RSW,3793,,0,320 321 319 737
342,AA,24,CLT,3876,SAN,3731,,0,320 321
343,AA,24,CLT,3876,SAT,3621,,0,319
344,AA,24,CLT,3876,SAV,3613,,0,CR9
345,AA,24,CLT,3876,SBY,3642,,0,DH8
346,AA,24,CLT,3876,SDF,4014,,0,CR7 CR9 CRJ
347,AA,24,CLT,3876,SEA,3577,,0,320 321 319
348,AA,24,CLT,3876,SFO,3469,,0,321
349,AA,24,CLT,3876,SJD,1840,,0,320
350,AA,24,CLT,3876,SJO,1885,,0,319
351,AA,24,CLT,3876,SJU,2890,,0,321
352,AA,24,CLT,3876,SLC,3536,,0,320
353,AA,24,CLT,3876,SMF,3817,,0,321
354,AA,24,CLT,3876,SRQ,4067,Y,0,CR9 E75
355,AA,24,CLT,3876,STL,3678,,0,319
356,AA,24,CLT,3876,STT,2883,,0,757 767
357,AA,24,CLT,3876,SXM,2899,,0,757 319
358,AA,24,CLT,3876,SYR,3745,,0,CR9 319 320
359,AA,24,CLT,3876,TLH,3698,Y,0,CRJ CR7
360,AA,24,CLT,3876,TPA,3646,,0,320 321 319 737
361,AA,24,CLT,3876,TRI,4116,,0,DH8 DH3
362,AA,24,CLT,3876,TYS,3676,,0,CR7
363,AA,24,CLT,3876,UVF,2894,,0,320 319
364,AA,24,CLT,3876,VPS,3873,,0,CRJ
365,AA,24,CLT,3876,XNA,4356,,0,CR7
366,AA,24,CLT,3876,YOW,100,Y,0,CRJ
367,AA,24,CLT,3876,YUL,146,Y,0,CRJ
368,AA,24,CLT,3876,YYZ,193,Y,0,E75 CRJ
369,AA,24,CMB,3024,AUH,2179,Y,0,320
370,AA,24,CMH,3759,CLT,3876,,0,CR9
371,AA,24,CMH,3759,DCA,3520,Y,0,CRJ E75 E70
372,AA,24,CMH,3759,DFW,3670,,0,M83 M80
373,AA,24,CMH,3759,JFK,3797,Y,0,CR7 ER4
374,AA,24,CMH,3759,LAX,3484,,0,738
375,AA,24,CMH,3759,LGA,3697,Y,0,CR7 ERD
376,AA,24,CMH,3759,MIA,3576,Y,0,ER4
377,AA,24,CMH,3759,ORD,3830,Y,0,ER4 CR7 ERD
378,AA,24,CMH,3759,PHL,3752,Y,0,E70 CRJ E75
379,AA,24,CMH,3759,PHX,3462,,0,319 320
380,AA,24,CMI,4049,DFW,3670,Y,0,ER4
381,AA,24,CMI,4049,ORD,3830,Y,0,ER4 ERD
382,AA,24,CNF,2537,MIA,3576,,0,763
383,AA,24,CNS,3322,BNE,3320,Y,0,737
384,AA,24,COS,3819,DFW,3670,,0,M80 M83
385,AA,24,COU,3719,DFW,3670,Y,0,ER4 ERD
386,AA,24,COU,3719,ORD,3830,Y,0,ER4 ERD
387,AA,24,CPH,609,LHR,507,Y,0,321 320 319
388,AA,24,CPT,797,LHR,507,Y,0,744 777
389,AA,24,CRP,3744,DFW,3670,,0,319
390,AA,24,CTS,2287,NRT,2279,,0,773
391,AA,24,CUN,1852,BOS,3448,,0,319
392,AA,24,CUN,1852,CLT,3876,,0,321 320 737
393,AA,24,CUN,1852,DFW,3670,,0,738 757
394,AA,24,CUN,1852,JFK,3797,,0,738
395,AA,24,CUN,1852,MIA,3576,,0,738 757
396,AA,24,CUN,1852,ORD,3830,,0,738
397,AA,24,CUN,1852,PHL,3752,,0,757 332 321 319
398,AA,24,CUN,1852,PHX,3462,,0,757 320 321
399,AA,24,CUR,2897,MIA,3576,,0,738
400,AA,24,CUU,1797,DFW,3670,Y,0,ER4 ERD
401,AA,24,CVG,3488,CLT,3876,,0,CRJ
402,AA,24,CVG,3488,DCA,3520,Y,0,CRJ
403,AA,24,CVG,3488,DFW,3670,Y,0,ER4 ERD
404,AA,24,CVG,3488,JFK,3797,Y,0,ER4
405,AA,24,CVG,3488,MIA,3576,Y,0,ER4
406,AA,24,CVG,3488,ORD,3830,Y,0,ER4
407,AA,24,CVG,3488,PHL,3752,Y,0,E70 CRJ E75
408,AA,24,CWA,4045,ORD,3830,Y,0,ER4 ERD
409,AA,24,CWB,2545,POA,2599,,0,763
410,AA,24,CZM,1800,CLT,3876,,0,319
411,AA,24,CZM,1800,DFW,3670,,0,738
412,AA,24,CZM,1800,MIA,3576,,0,738
413,AA,24,DAB,3950,CLT,3876,,0,CR7
414,AA,24,DAY,3627,CLT,3876,,0,CRJ
415,AA,24,DAY,3627,DCA,3520,Y,0,CRJ
416,AA,24,DAY,3627,DFW,3670,,0,M83 319 M80
417,AA,24,DAY,3627,LGA,3697,Y,0,ERD
418,AA,24,DAY,3627,ORD,3830,Y,0,ER4
419,AA,24,DAY,3627,PHL,3752,Y,0,CRJ
420,AA,24,DBQ,4388,ORD,3830,Y,0,ER4 ERD
421,AA,24,DCA,3520,AGS,3658,Y,0,CRJ
422,AA,24,DCA,3520,ALB,3864,Y,0,E70 CRJ E75
423,AA,24,DCA,3520,BDL,3825,Y,0,CRJ E75 E70
424,AA,24,DCA,3520,BGR,3463,Y,0,CRJ E70
425,AA,24,DCA,3520,BHM,3811,Y,0,CRJ
426,AA,24,DCA,3520,BNA,3690,Y,0,ERD CRJ E70
427,AA,24,DCA,3520,BOS,3448,,0,319 E90
428,AA,24,DCA,3520,BTV,3711,,0,CRJ
429,AA,24,DCA,3520,BUF,3820,Y,0,CRJ E75 E70
430,AA,24,DCA,3520,CAE,3561,Y,0,CRJ
431,AA,24,DCA,3520,CAK,4112,Y,0,CRJ
432,AA,24,DCA,3520,CHA,3578,Y,0,CRJ
433,AA,24,DCA,3520,CHS,3806,Y,0,E70 CRJ E75
434,AA,24,DCA,3520,CLT,3876,,0,319 320
435,AA,24,DCA,3520,CMH,3759,Y,0,CRJ E75 E70
436,AA,24,DCA,3520,CRW,4285,Y,0,DH3
437,AA,24,DCA,3520,CVG,3488,Y,0,CRJ
438,AA,24,DCA,3520,DAY,3627,,0,CRJ
439,AA,24,DCA,3520,DFW,3670,,0,738 M80
440,AA,24,DCA,3520,DSM,3729,Y,0,E70 CRJ
441,AA,24,DCA,3520,DTW,3645,Y,0,CRJ E70 E75
442,AA,24,DCA,3520,FAY,5738,,0,DH3
443,AA,24,DCA,3520,FLL,3533,,0,319
444,AA,24,DCA,3520,GSO,4008,Y,0,CRJ E70 E75
445,AA,24,DCA,3520,GSP,4034,Y,0,CRJ
446,AA,24,DCA,3520,HHH,8314,,0,DH3
447,AA,24,DCA,3520,HPN,3589,Y,0,DH3 CRJ
448,AA,24,DCA,3520,HSV,4113,Y,0,CRJ E70
449,AA,24,DCA,3520,ILM,3845,Y,0,CRJ
450,AA,24,DCA,3520,IND,3585,Y,0,E70 E75 CRJ
451,AA,24,DCA,3520,ISP,3857,Y,0,CRJ
452,AA,24,DCA,3520,JAN,3580,Y,0,CRJ
453,AA,24,DCA,3520,JAX,3712,Y,0,CRJ E75 E70
454,AA,24,DCA,3520,JFK,3797,,0,738
455,AA,24,DCA,3520,LAS,3877,,0,319
456,AA,24,DCA,3520,LAX,3484,,0,738
457,AA,24,DCA,3520,LGA,3697,,0,319 E90
458,AA,24,DCA,3520,LIT,3660,Y,0,E70
459,AA,24,DCA,3520,MCI,3458,Y,0,E70 E75
460,AA,24,DCA,3520,MCO,3878,,0,320 319
461,AA,24,DCA,3520,MEM,3473,Y,0,CRJ
462,AA,24,DCA,3520,MHT,4011,Y,0,CRJ E75 E70
463,AA,24,DCA,3520,MIA,3576,,0,738
464,AA,24,DCA,3520,MSP,3858,Y,0,E70 E75
465,AA,24,DCA,3520,MSY,3861,Y,0,E70 E75
466,AA,24,DCA,3520,MYR,3515,Y,0,CRJ
467,AA,24,DCA,3520,NAS,1953,,0,319
468,AA,24,DCA,3520,OAJ,4386,Y,0,CRJ
469,AA,24,DCA,3520,OMA,3454,Y,0,E70
470,AA,24,DCA,3520,ORD,3830,,0,738 M83 M80
471,AA,24,DCA,3520,ORF,3611,,0,DH3
472,AA,24,DCA,3520,PBI,3722,Y,0,E75 E70
473,AA,24,DCA,3520,PDX,3720,Y,0,737
474,AA,24,DCA,3520,PHL,3752,,0,319 320 DH3
475,AA,24,DCA,3520,PHX,3462,,0,320 757
476,AA,24,DCA,3520,PIT,3570,Y,0,CRJ E75
477,AA,24,DCA,3520,PNS,3564,Y,0,CRJ
478,AA,24,DCA,3520,PVD,3641,Y,0,CRJ E75 E70
479,AA,24,DCA,3520,PWM,3862,Y,0,E75 CRJ E70
480,AA,24,DCA,3520,RDU,3626,Y,0,ERD CRJ
481,AA,24,DCA,3520,ROC,3622,Y,0,E70 CRJ
482,AA,24,DCA,3520,RSW,3793,Y,0,E75 E70
483,AA,24,DCA,3520,SAN,3731,,0,319
484,AA,24,DCA,3520,SAV,3613,Y,0,CRJ
485,AA,24,DCA,3520,SDF,4014,Y,0,CRJ E75
486,AA,24,DCA,3520,SRQ,4067,Y,0,CRJ
487,AA,24,DCA,3520,STL,3678,Y,0,CR7
488,AA,24,DCA,3520,SYR,3745,Y,0,E70 CRJ E75
489,AA,24,DCA,3520,TLH,3698,Y,0,CRJ
490,AA,24,DCA,3520,TPA,3646,,0,319
491,AA,24,DCA,3520,TYS,3676,Y,0,CRJ
492,AA,24,DCA,3520,VPS,3873,Y,0,CRJ
493,AA,24,DCA,3520,YHZ,73,Y,0,CRJ
494,AA,24,DCA,3520,YUL,146,Y,0,CRJ
495,AA,24,DCA,3520,YYZ,193,Y,0,CRJ
496,AA,24,DEL,3093,LHR,507,Y,0,777
497,AA,24,DEN,3751,CLT,3876,,0,321 320
498,AA,24,DEN,3751,DFW,3670,,0,738 M83 M80
499,AA,24,DEN,3751,LAX,3484,Y,0,CR7
500,AA,24,DEN,3751,LHR,507,Y,0,777
501,AA,24,DEN,3751,MIA,3576,,0,738
502,AA,24,DEN,3751,ORD,3830,,0,M80 M83
503,AA,24,DEN,3751,PHL,3752,,0,320 321
504,AA,24,DEN,3751,PHX,3462,,0,320 321
505,AA,24,DEN,3751,SEA,3577,Y,0,737
506,AA,24,DFW,3670,ABI,3718,Y,0,ERD CRJ ER4
507,AA,24,DFW,3670,ABQ,4019,,0,M80 M83
508,AA,24,DFW,3670,ACT,3700,Y,0,ER4 ERD
509,AA,24,DFW,3670,AEX,3852,Y,0,CRJ ER4 ERD
510,AA,24,DFW,3670,AGU,1785,Y,0,ER4
511,AA,24,DFW,3670,AMA,3840,Y,0,ER4 CRJ ERD
512,AA,24,DFW,3670,ATL,3682,,0,M83 M80 319
513,AA,24,DFW,3670,AUS,3673,,0,M80 M83 738
514,AA,24,DFW,3670,BDL,3825,,0,738
515,AA,24,DFW,3670,BHM,3811,,0,M80 M83
516,AA,24,DFW,3670,BJX,1815,,0,319
517,AA,24,DFW,3670,BMI,4037,Y,0,ER4
518,AA,24,DFW,3670,BNA,3690,,0,738 M80 M83
519,AA,24,DFW,3670,BNE,3320,Y,0,744
520,AA,24,DFW,3670,BOG,2709,,0,319
521,AA,24,DFW,3670,BOS,3448,,0,738 757
522,AA,24,DFW,3670,BPT,3612,Y,0,ERD ER4 CRJ
523,AA,24,DFW,3670,BRO,3738,Y,0,CRJ ER4
524,AA,24,DFW,3670,BTR,3846,Y,0,ERD ER4 CRJ
525,AA,24,DFW,3670,BWI,3849,,0,M83 M80
526,AA,24,DFW,3670,BZE,1957,,0,738
527,AA,24,DFW,3670,CAE,3561,Y,0,ER4
528,AA,24,DFW,3670,CCS,2851,,0,738
529,AA,24,DFW,3670,CDG,1382,,0,763 777
530,AA,24,DFW,3670,CHA,3578,Y,0,ERD ER4
531,AA,24,DFW,3670,CHS,3806,Y,0,ER4 ERD
532,AA,24,DFW,3670,CID,4043,Y,0,ER4 CRJ
533,AA,24,DFW,3670,CLE,3486,,0,319
534,AA,24,DFW,3670,CLL,3715,Y,0,ER4 ERD CRJ
535,AA,24,DFW,3670,CLT,3876,,0,321 319 M80 M83 320 737 757
536,AA,24,DFW,3670,CMH,3759,,0,M83 M80
537,AA,24,DFW,3670,CMI,4049,Y,0,ER4
538,AA,24,DFW,3670,COS,3819,,0,M80 M83
539,AA,24,DFW,3670,COU,3719,Y,0,ER4 ERD
540,AA,24,DFW,3670,CRP,3744,,0,319
541,AA,24,DFW,3670,CRW,4285,Y,0,CRJ
542,AA,24,DFW,3670,CUN,1852,,0,738 757
543,AA,24,DFW,3670,CUU,1797,Y,0,ERD ER4
544,AA,24,DFW,3670,CVG,3488,Y,0,ERD ER4
545,AA,24,DFW,3670,CZM,1800,,0,738
546,AA,24,DFW,3670,DAY,3627,,0,319 M80 M83
547,AA,24,DFW,3670,DCA,3520,,0,738 M80
548,AA,24,DFW,3670,DEN,3751,,0,738 M80 M83
549,AA,24,DFW,3670,DRO,3713,Y,0,ER4 CRJ
550,AA,24,DFW,3670,DSM,3729,,0,M83 M80
551,AA,24,DFW,3670,DTW,3645,,0,738 M83 M80
552,AA,24,DFW,3670,ELP,3559,,0,M80 319
553,AA,24,DFW,3670,EVV,4018,Y,0,ERD
554,AA,24,DFW,3670,EWR,3494,,0,M83 M80
555,AA,24,DFW,3670,EZE,3988,,0,777
556,AA,24,DFW,3670,FAR,4292,Y,0,ER4 ERD
557,AA,24,DFW,3670,FAT,3687,,0,M80
558,AA,24,DFW,3670,FLL,3533,,0,738
559,AA,24,DFW,3670,FRA,340,,0,777
560,AA,24,DFW,3670,FSD,4009,Y,0,ER4 CRJ
561,AA,24,DFW,3670,FSM,3437,Y,0,ER4 ERD
562,AA,24,DFW,3670,FWA,4041,Y,0,ER4
563,AA,24,DFW,3670,GCK,3497,Y,0,ERD ER4
564,AA,24,DFW,3670,GDL,1804,,0,M80
565,AA,24,DFW,3670,GGG,3465,Y,0,ER4 ERD
566,AA,24,DFW,3670,GIG,2560,,0,763
567,AA,24,DFW,3670,GJT,4063,Y,0,ER4
568,AA,24,DFW,3670,GPT,4038,Y,0,ERD ER4
569,AA,24,DFW,3670,GRI,5740,Y,0,ERD ER4
570,AA,24,DFW,3670,GRK,3775,Y,0,ER4 CRJ ERD
571,AA,24,DFW,3670,GRR,3685,Y,0,ER4 ERD
572,AA,24,DFW,3670,GRU,2564,,0,77W
573,AA,24,DFW,3670,GSO,4008,Y,0,ER4
574,AA,24,DFW,3670,GSP,4034,Y,0,ER4
575,AA,24,DFW,3670,GUA,1767,,0,738
576,AA,24,DFW,3670,HNL,3728,,0,763
577,AA,24,DFW,3670,HOU,3566,,0,M83 M80
578,AA,24,DFW,3670,HSV,4113,,0,319
579,AA,24,DFW,3670,IAD,3714,,0,738 M80
580,AA,24,DFW,3670,IAH,3550,,0,M83 M80
581,AA,24,DFW,3670,ICN,3930,,0,777
582,AA,24,DFW,3670,ICT,3457,,0,319
583,AA,24,DFW,3670,IND,3585,,0,M80 M83
584,AA,24,DFW,3670,JAN,3580,Y,0,ER4 ERD
585,AA,24,DFW,3670,JAX,3712,,0,M80 M83
586,AA,24,DFW,3670,JFK,3797,,0,738
587,AA,24,DFW,3670,JLN,4354,Y,0,ER4
588,AA,24,DFW,3670,LAS,3877,,0,738 M80 M83 757
589,AA,24,DFW,3670,LAW,4256,Y,0,ERD ER4
590,AA,24,DFW,3670,LAX,3484,,0,738 763 757 M83
591,AA,24,DFW,3670,LBB,3829,,0,M80 M83
592,AA,24,DFW,3670,LCH,3513,Y,0,ERD ER4
593,AA,24,DFW,3670,LEX,4017,Y,0,ERD ER4
594,AA,24,DFW,3670,LFT,3493,Y,0,ERD ER4 CRJ
595,AA,24,DFW,3670,LGA,3697,,0,738
596,AA,24,DFW,3670,LHR,507,,0,77W 777
597,AA,24,DFW,3670,LIM,2789,,0,763
598,AA,24,DFW,3670,LIR,1881,,0,738
599,AA,24,DFW,3670,LIT,3660,,0,M80 M83
600,AA,24,DFW,3670,LRD,3691,Y,0,ERD CRJ ER4
601,AA,24,DFW,3670,MAD,1229,,0,777
602,AA,24,DFW,3670,MAF,3652,Y,0,ERD CRJ ER4
603,AA,24,DFW,3670,MBJ,1780,,0,738
604,AA,24,DFW,3670,MCI,3458,,0,M80 M83
605,AA,24,DFW,3670,MCO,3878,,0,738 M80 M83 757
606,AA,24,DFW,3670,MEM,3473,,0,319
607,AA,24,DFW,3670,MEX,1824,,0,M80 M83
608,AA,24,DFW,3670,MFE,3826,,0,319 M80 M83
609,AA,24,DFW,3670,MGM,4115,Y,0,ER4 ERD
610,AA,24,DFW,3670,MHK,4050,Y,0,ER4 ERD
611,AA,24,DFW,3670,MIA,3576,,0,738 763 757
612,AA,24,DFW,3670,MKE,3717,,0,M80 M83
613,AA,24,DFW,3670,MLI,4072,Y,0,ERD ER4
614,AA,24,DFW,3670,MLM,1821,Y,0,ER4
615,AA,24,DFW,3670,MLU,3732,Y,0,ER4 CRJ
616,AA,24,DFW,3670,MOB,3782,Y,0,ER4 CRJ
617,AA,24,DFW,3670,MSN,3459,Y,0,ER4 CRJ
618,AA,24,DFW,3670,MSP,3858,,0,M80 M83 738
619,AA,24,DFW,3670,MSY,3861,,0,M83 M80
620,AA,24,DFW,3670,MTY,1825,,0,M80 M83
621,AA,24,DFW,3670,MZT,1826,Y,0,ERD ER4
622,AA,24,DFW,3670,NAS,1953,,0,738
623,AA,24,DFW,3670,NRT,2279,,0,777
624,AA,24,DFW,3670,OGG,3456,,0,763
625,AA,24,DFW,3670,OKC,3863,,0,M80 M83
626,AA,24,DFW,3670,OMA,3454,,0,M83 M80
627,AA,24,DFW,3670,ONT,3734,,0,M83 M80
628,AA,24,DFW,3670,ORD,3830,,0,M80 M83
629,AA,24,DFW,3670,ORF,3611,,0,M80 M83
630,AA,24,DFW,3670,PBC,1831,Y,0,ERD
631,AA,24,DFW,3670,PBI,3722,,0,738
632,AA,24,DFW,3670,PDX,3720,,0,M83
633,AA,24,DFW,3670,PHL,3752,,0,738 320 319 M83 M80 E90 757
634,AA,24,DFW,3670,PHX,3462,,0,321 738 M80 319 M83 320
635,AA,24,DFW,3670,PIA,4046,Y,0,ER4
636,AA,24,DFW,3670,PIT,3570,,0,M80
637,AA,24,DFW,3670,PLS,1754,,0,738
638,AA,24,DFW,3670,PNS,3564,,0,M83 M80
639,AA,24,DFW,3670,PSP,3839,,0,M80 M83
640,AA,24,DFW,3670,PTY,1871,,0,738
641,AA,24,DFW,3670,PVR,1836,,0,M80 M83
642,AA,24,DFW,3670,QRO,1838,Y,0,ERD
643,AA,24,DFW,3670,RAP,4087,Y,0,ER4 CRJ
644,AA,24,DFW,3670,RDU,3626,,0,M80 M83 738
645,AA,24,DFW,3670,RIC,3608,,0,M80 M83
646,AA,24,DFW,3670,RNO,3807,,0,M83 738
647,AA,24,DFW,3670,ROW,3736,Y,0,ERD
648,AA,24,DFW,3670,RSW,3793,,0,738
649,AA,24,DFW,3670,RTB,1774,,0,738
650,AA,24,DFW,3670,SAF,3784,Y,0,ER4 ERD
651,AA,24,DFW,3670,SAL,1892,,0,738
652,AA,24,DFW,3670,SAN,3731,,0,738 M80 M83 757
653,AA,24,DFW,3670,SAT,3621,,0,M83 M80
654,AA,24,DFW,3670,SAV,3613,Y,0,ER4
655,AA,24,DFW,3670,SCL,2650,,0,763
656,AA,24,DFW,3670,SDF,4014,,0,M80 M83 319
657,AA,24,DFW,3670,SEA,3577,,0,738 757
658,AA,24,DFW,3670,SFO,3469,,0,738 757 763
659,AA,24,DFW,3670,SGF,4348,Y,0,ERD ER4
660,AA,24,DFW,3670,SHV,3609,Y,0,CRJ ERD ER4
661,AA,24,DFW,3670,SJC,3748,,0,M83
662,AA,24,DFW,3670,SJD,1840,,0,M80 M83
663,AA,24,DFW,3670,SJO,1885,,0,757
664,AA,24,DFW,3670,SJT,3708,Y,0,ER4 CRJ ERD
665,AA,24,DFW,3670,SJU,2890,,0,757
666,AA,24,DFW,3670,SLC,3536,,0,M83 M80
667,AA,24,DFW,3670,SLP,1842,Y,0,ERD
668,AA,24,DFW,3670,SMF,3817,,0,M83
669,AA,24,DFW,3670,SNA,3867,,0,738
670,AA,24,DFW,3670,SPI,4336,Y,0,ERD ER4
671,AA,24,DFW,3670,SPS,3680,Y,0,ER4 CRJ ERD
672,AA,24,DFW,3670,STL,3678,,0,M80 M83 738
673,AA,24,DFW,3670,TLH,3698,Y,0,ER4 ERD
674,AA,24,DFW,3670,TPA,3646,,0,738 M83 M80
675,AA,24,DFW,3670,TRC,1845,Y,0,ER4
676,AA,24,DFW,3670,TUL,3855,,0,M83 757 M80 738
677,AA,24,DFW,3670,TUS,3636,,0,M80 M83
678,AA,24,DFW,3670,TXK,3770,Y,0,ERD ER4
679,AA,24,DFW,3670,TYR,3848,Y,0,ERD ER4 CRJ
680,AA,24,DFW,3670,TYS,3676,Y,0,ERD ER4 CRJ
681,AA,24,DFW,3670,VPS,3873,Y,0,ER4 CRJ ERD
682,AA,24,DFW,3670,XNA,4356,,0,M80
683,AA,24,DFW,3670,YEG,49,,0,319
684,AA,24,DFW,3670,YUL,146,,0,738
685,AA,24,DFW,3670,YVR,156,,0,738
686,AA,24,DFW,3670,YYC,178,,0,M80 M83 738
687,AA,24,DFW,3670,YYZ,193,,0,319
688,AA,24,DFW,3670,ZCL,1855,Y,0,ERD
689,AA,24,DKR,1084,BJL,1050,Y,0,L4T
690,AA,24,DKR,1084,LPA,1054,Y,0,320
691,AA,24,DOH,11051,BAH,2057,Y,0,777
692,AA,24,DOH,11051,IAD,3714,,0,777
693,AA,24,DOH,11051,IAH,3550,,0,777
694,AA,24,DOH,11051,JFK,3797,,0,777
695,AA,24,DOH,11051,ORD,3830,,0,777
696,AA,24,DOH,11051,PHL,3752,,0,777
697,AA,24,DOM,2877,SJU,2890,,0,SF3
698,AA,24,DRO,3713,DFW,3670,Y,0,ER4 CRJ
699,AA,24,DRO,3713,PHX,3462,Y,0,CRJ CR9
700,AA,24,DRW,3999,BNE,3320,Y,0,763 737
701,AA,24,DRW,3999,SYD,3361,Y,0,737
702,AA,24,DSM,3729,CLT,3876,Y,0,CR9
703,AA,24,DSM,3729,DCA,3520,Y,0,E70 CRJ
704,AA,24,DSM,3729,DFW,3670,,0,M80 M83
705,AA,24,DSM,3729,ORD,3830,Y,0,E75 ERD ER4
706,AA,24,DSM,3729,PHX,3462,,0,319
707,AA,24,DTW,3645,CLT,3876,,0,319 321
708,AA,24,DTW,3645,DCA,3520,Y,0,E70 CRJ E75
709,AA,24,DTW,3645,DFW,3670,,0,M83 M80 738
710,AA,24,DTW,3645,LGA,3697,Y,0,CR7
711,AA,24,DTW,3645,MIA,3576,,0,738
712,AA,24,DTW,3645,ORD,3830,Y,0,E75 ERD ER4 CR7
713,AA,24,DTW,3645,PHL,3752,,0,320 E90 319
714,AA,24,DTW,3645,PHX,3462,,0,319 321
715,AA,24,DTW,3645,YUL,146,Y,0,330
716,AA,24,DUB,599,CLT,3876,,0,757
717,AA,24,DUB,599,JFK,3797,,0,757
718,AA,24,DUB,599,LHR,507,Y,0,319
719,AA,24,DUB,599,ORD,3830,,0,763
720,AA,24,DUB,599,PHL,3752,,0,332
721,AA,24,DUS,345,AUH,2179,Y,0,330
722,AA,24,DUS,345,JFK,3797,Y,0,330
723,AA,24,DUS,345,LAX,3484,Y,0,330
724,AA,24,DUS,345,LHR,507,Y,0,319 320
725,AA,24,DUS,345,MIA,3576,Y,0,330
726,AA,24,DUS,345,ORD,3830,,0,763
727,AA,24,DUS,345,RSW,3793,Y,0,330
728,AA,24,DXB,2188,LHR,507,Y,0,744 777
729,AA,24,EBB,1187,LHR,507,Y,0,767
730,AA,24,EDI,535,LHR,507,Y,0,767 320 321
731,AA,24,EIS,2903,SJU,2890,,0,SF3
732,AA,24,ELH,1943,MIA,3576,Y,0,ER4
733,AA,24,ELM,3946,PHL,3752,,0,DH3
734,AA,24,ELP,3559,DFW,3670,,0,M80 319
735,AA,24,ELP,3559,LAX,3484,Y,0,CRJ
736,AA,24,ELP,3559,ORD,3830,Y,0,E75
737,AA,24,ELP,3559,PHX,3462,Y,0,CRJ CR9
738,AA,24,ERI,4276,PHL,3752,,0,DH3
739,AA,24,EUG,4099,LAX,3484,Y,0,CRJ
740,AA,24,EUG,4099,PDX,3720,Y,0,DH4
741,AA,24,EVV,4018,DFW,3670,Y,0,ERD
742,AA,24,EVV,4018,ORD,3830,Y,0,ER4 ERD
743,AA,24,EWN,3730,CLT,3876,,0,DH8 DH3
744,AA,24,EWR,3494,CLT,3876,,0,321 320 737 319
745,AA,24,EWR,3494,DFW,3670,,0,M83 M80
746,AA,24,EWR,3494,HKG,3077,Y,0,773
747,AA,24,EWR,3494,LHR,507,Y,0,777 787
748,AA,24,EWR,3494,MIA,3576,,0,757 738
749,AA,24,EWR,3494,ORD,3830,Y,0,E75 CR7
750,AA,24,EWR,3494,ORY,1386,Y,0,757
751,AA,24,EWR,3494,PHL,3752,,0,DH3
752,AA,24,EWR,3494,PHX,3462,,0,320
753,AA,24,EWR,3494,SEA,3577,Y,0,737
754,AA,24,EYW,3875,MIA,3576,Y,0,ERD
755,AA,24,EZE,3988,DFW,3670,,0,777
756,AA,24,EZE,3988,JFK,3797,,0,777
757,AA,24,EZE,3988,MIA,3576,,0,777
758,AA,24,FAR,4292,DFW,3670,Y,0,ER4 ERD
759,AA,24,FAR,4292,ORD,3830,Y,0,ER4
760,AA,24,FAT,3687,DFW,3670,,0,M80
761,AA,24,FAT,3687,LAX,3484,Y,0,CRJ
762,AA,24,FAT,3687,PHX,3462,Y,0,CR9 CRJ
763,AA,24,FAY,5738,CLT,3876,,0,DH8
764,AA,24,FAY,5738,DCA,3520,Y,0,DH3
765,AA,24,FCO,1555,CLT,3876,,0,333
766,AA,24,FCO,1555,JFK,3797,,0,763
767,AA,24,FCO,1555,LHR,507,Y,0,321 767 319 320
768,AA,24,FCO,1555,ORD,3830,,0,763
769,AA,24,FCO,1555,PHL,3752,,0,333
770,AA,24,FDF,2878,MIA,3576,,0,738
771,AA,24,FDF,2878,SJU,2890,Y,0,SF3
772,AA,24,FLG,4261,PHX,3462,Y,0,CRJ
773,AA,24,FLL,3533,CLT,3876,,0,319 321 320 737
774,AA,24,FLL,3533,DCA,3520,,0,319
775,AA,24,FLL,3533,DFW,3670,,0,738
776,AA,24,FLL,3533,ORD,3830,,0,738
777,AA,24,FLL,3533,PAP,1897,,0,738
778,AA,24,FLL,3533,PHL,3752,,0,320 319 737
779,AA,24,FLL,3533,PHX,3462,,0,320 319
780,AA,24,FLO,3879,CLT,3876,,0,DH3 DH8
781,AA,24,FNT,4089,ORD,3830,Y,0,ER4 ERD
782,AA,24,FPO,1948,CLT,3876,Y,0,CR7
783,AA,24,FPO,1948,MIA,3576,Y,0,ER4 ERD
784,AA,24,FRA,340,CLT,3876,,0,333 332
785,AA,24,FRA,340,DFW,3670,,0,777
786,AA,24,FRA,340,KUL,3304,,0,777
787,AA,24,FRA,340,LHR,507,Y,0,320 767 319
788,AA,24,FRA,340,PHL,3752,,0,332 767
789,AA,24,FSD,4009,DFW,3670,Y,0,ER4 CRJ
790,AA,24,FSD,4009,ORD,3830,Y,0,ER4 ERD
791,AA,24,FSM,3437,DFW,3670,Y,0,ER4 ERD
792,AA,24,FUK,2305,NRT,2279,,0,737
793,AA,24,FWA,4041,DFW,3670,Y,0,ER4
794,AA,24,FWA,4041,ORD,3830,Y,0,ER4 ERD
795,AA,24,GCK,3497,DFW,3670,Y,0,ER4 ERD
796,AA,24,GCM,1926,CLT,3876,,0,320 321 319
797,AA,24,GCM,1926,MIA,3576,,0,738
798,AA,24,GCM,1926,PHL,3752,,0,319
799,AA,24,GDL,1804,DFW,3670,,0,M80
800,AA,24,GDL,1804,LAX,3484,Y,0,737
801,AA,24,GDL,1804,PHX,3462,Y,0,CR9 CRJ
802,AA,24,GDL,1804,SJC,3748,Y,0,737
803,AA,24,GEG,3467,PHX,3462,,0,319
804,AA,24,GGG,3465,DFW,3670,Y,0,ER4 ERD
805,AA,24,GGT,1941,MIA,3576,Y,0,ER4
806,AA,24,GIB,1738,LHR,507,Y,0,320
807,AA,24,GIG,2560,CLT,3876,,0,767
808,AA,24,GIG,2560,DFW,3670,,0,763
809,AA,24,GIG,2560,JFK,3797,,0,763
810,AA,24,GIG,2560,MIA,3576,,0,763
811,AA,24,GJT,4063,DFW,3670,Y,0,ER4
812,AA,24,GJT,4063,PHX,3462,Y,0,CRJ
813,AA,24,GLA,534,LHR,507,Y,0,319 320 321
814,AA,24,GLA,534,PHL,3752,,0,757
815,AA,24,GND,2882,MIA,3576,,0,738
816,AA,24,GNV,3472,CLT,3876,,0,CRJ
817,AA,24,GNV,3472,MIA,3576,Y,0,ER4
818,AA,24,GOT,687,LHR,507,Y,0,320 321 319
819,AA,24,GPT,4038,CLT,3876,Y,0,CRJ CR7
820,AA,24,GPT,4038,DFW,3670,Y,0,ERD ER4
821,AA,24,GRB,3653,ORD,3830,Y,0,ER4
822,AA,24,GRI,5740,DFW,3670,Y,0,ER4 ERD
823,AA,24,GRK,3775,DFW,3670,Y,0,ER4 CRJ ERD
824,AA,24,GRR,3685,DFW,3670,Y,0,ERD ER4
825,AA,24,GRR,3685,ORD,3830,Y,0,ER4 ERD
826,AA,24,GRU,2564,CLT,3876,,0,332
827,AA,24,GRU,2564,DFW,3670,,0,77W
828,AA,24,GRU,2564,JFK,3797,,0,77W 777 773
829,AA,24,GRU,2564,LAX,3484,,0,777
830,AA,24,GRU,2564,MCO,3878,,0,320
831,AA,24,GRU,2564,MIA,3576,,0,773 777
832,AA,24,GSO,4008,CLT,3876,,0,DH8
833,AA,24,GSO,4008,DCA,3520,Y,0,CRJ
834,AA,24,GSO,4008,DFW,3670,Y,0,ER4
835,AA,24,GSO,4008,LGA,3697,Y,0,ERD
836,AA,24,GSO,4008,MIA,3576,Y,0,ER4
837,AA,24,GSO,4008,PHL,3752,Y,0,E75 CRJ E70
838,AA,24,GSP,4034,CLT,3876,,0,DH3 DH8
839,AA,24,GSP,4034,DCA,3520,Y,0,CRJ
840,AA,24,GSP,4034,DFW,3670,Y,0,ER4
841,AA,24,GSP,4034,PHL,3752,Y,0,CRJ
842,AA,24,GUA,1767,DFW,3670,,0,738
843,AA,24,GUA,1767,MIA,3576,,0,738
844,AA,24,GVA,1665,LHR,507,Y,0,320 319 321
845,AA,24,GYE,2673,JFK,3797,Y,0,763
846,AA,24,GYE,2673,MIA,3576,,0,738 763 757
847,AA,24,GYE,2673,SCY,6045,Y,0,319
848,AA,24,GYE,2673,UIO,2688,Y,0,319
849,AA,24,HAJ,352,LHR,507,Y,0,319
850,AA,24,HAM,342,LHR,507,Y,0,320 319 321
851,AA,24,HAN,3199,NRT,2279,,0,763
852,AA,24,HEL,421,JFK,3797,Y,0,330
853,AA,24,HEL,421,LHR,507,Y,0,320
854,AA,24,HEL,421,MAN,478,Y,0,E70
855,AA,24,HHH,8314,CLT,3876,,0,DH3
856,AA,24,HHH,8314,DCA,3520,,0,DH3
857,AA,24,HKG,3077,EWR,3494,Y,0,773
858,AA,24,HKG,3077,JFK,3797,Y,0,773
859,AA,24,HKG,3077,LAX,3484,Y,0,773
860,AA,24,HKG,3077,NRT,2279,,0,763
861,AA,24,HKG,3077,ORD,3830,Y,0,773
862,AA,24,HKG,3077,SFO,3469,Y,0,773 744
863,AA,24,HMO,1807,PHX,3462,Y,0,CRJ
864,AA,24,HND,2359,HNL,3728,,0,777
865,AA,24,HND,2359,SFO,3469,,0,787
866,AA,24,HNL,3728,DFW,3670,,0,763
867,AA,24,HNL,3728,HND,2359,,0,777
868,AA,24,HNL,3728,KIX,3992,,0,777
869,AA,24,HNL,3728,LAX,3484,,0,757
870,AA,24,HNL,3728,NGO,3942,,0,777
871,AA,24,HNL,3728,NRT,2279,,0,787 777
872,AA,24,HNL,3728,OAK,3453,Y,0,737
873,AA,24,HNL,3728,PHX,3462,,0,757
874,AA,24,HNL,3728,SJC,3748,Y,0,737
875,AA,24,HNL,3728,SYD,3361,Y,0,763
876,AA,24,HOU,3566,DFW,3670,,0,M83 M80
877,AA,24,HPN,3589,CLT,3876,Y,0,CRJ
878,AA,24,HPN,3589,DCA,3520,Y,0,CRJ
879,AA,24,HPN,3589,ORD,3830,Y,0,ERD
880,AA,24,HPN,3589,PHL,3752,,0,DH3
881,AA,24,HSV,4113,CLT,3876,Y,0,CR7 CRJ
882,AA,24,HSV,4113,DCA,3520,Y,0,E70 CRJ
883,AA,24,HSV,4113,DFW,3670,,0,319
884,AA,24,HSV,4113,ORD,3830,Y,0,ER4
885,AA,24,HTS,5742,CLT,3876,,0,DH3 DH8
886,AA,24,HVN,4006,PHL,3752,,0,DH3
887,AA,24,HYD,\N,LHR,507,Y,0,767
888,AA,24,IAD,3714,AUH,2179,Y,0,340
889,AA,24,IAD,3714,CLT,3876,,0,CR7 CR9
890,AA,24,IAD,3714,DFW,3670,,0,738 M80
891,AA,24,IAD,3714,DOH,11051,,0,777
892,AA,24,IAD,3714,LAX,3484,,0,738
893,AA,24,IAD,3714,LHR,507,Y,0,744 777
894,AA,24,IAD,3714,MIA,3576,,0,738
895,AA,24,IAH,3550,CLT,3876,,0,321 737 319 320
896,AA,24,IAH,3550,DFW,3670,,0,M80 M83
897,AA,24,IAH,3550,DOH,11051,,0,777
898,AA,24,IAH,3550,LAX,3484,Y,0,CR7
899,AA,24,IAH,3550,LHR,507,Y,0,744 777
900,AA,24,IAH,3550,MIA,3576,,0,738
901,AA,24,IAH,3550,ORD,3830,Y,0,CR7
902,AA,24,IAH,3550,PHL,3752,,0,E90
903,AA,24,IAH,3550,PHX,3462,,0,319 320
904,AA,24,ICN,3930,DFW,3670,,0,777
905,AA,24,ICN,3930,NRT,2279,,0,737
906,AA,24,ICT,3457,DFW,3670,,0,319
907,AA,24,ICT,3457,ORD,3830,Y,0,CRJ
908,AA,24,ILM,3845,CLT,3876,,0,319 CR9
909,AA,24,ILM,3845,DCA,3520,Y,0,CRJ
910,AA,24,ILM,3845,LGA,3697,Y,0,ERD
911,AA,24,ILM,3845,PHL,3752,Y,0,CRJ E75
912,AA,24,IND,3585,CLT,3876,,0,319
913,AA,24,IND,3585,DCA,3520,Y,0,E70 E75 CRJ
914,AA,24,IND,3585,DFW,3670,,0,M80 M83
915,AA,24,IND,3585,JFK,3797,Y,0,ER4
916,AA,24,IND,3585,LAX,3484,,0,738
917,AA,24,IND,3585,MIA,3576,Y,0,ER4
918,AA,24,IND,3585,ORD,3830,Y,0,E75 ER4 ERD CR7
919,AA,24,IND,3585,PHL,3752,,0,E90
920,AA,24,IND,3585,PHX,3462,,0,320 319
921,AA,24,IPT,3584,PHL,3752,,0,DH3
922,AA,24,ISB,2223,AUH,2179,Y,0,320 332
923,AA,24,ISP,3857,DCA,3520,Y,0,CRJ
924,AA,24,ISP,3857,PHL,3752,,0,DH3
925,AA,24,IST,1701,LHR,507,Y,0,320
926,AA,24,ITH,3947,PHL,3752,,0,DH3
927,AA,24,ITM,2334,NRT,2279,,0,773 737
928,AA,24,JAN,3580,CLT,3876,Y,0,CRJ CR7
929,AA,24,JAN,3580,DCA,3520,Y,0,CRJ
930,AA,24,JAN,3580,DFW,3670,Y,0,ER4 ERD
931,AA,24,JAX,3712,CLT,3876,,0,319 737
932,AA,24,JAX,3712,DCA,3520,Y,0,E75 CRJ E70
933,AA,24,JAX,3712,DFW,3670,,0,M83 M80
934,AA,24,JAX,3712,MIA,3576,Y,0,ER4 ERD
935,AA,24,JAX,3712,ORD,3830,Y,0,ER4 CR7
936,AA,24,JAX,3712,PHL,3752,,0,E90
937,AA,24,JFK,3797,AMM,2170,Y,0,340 330
938,AA,24,JFK,3797,ANU,2874,,0,738
939,AA,24,JFK,3797,AUH,2179,Y,0,777
940,AA,24,JFK,3797,AUS,3673,,0,738
941,AA,24,JFK,3797,BCN,1218,,0,763
942,AA,24,JFK,3797,BDA,4069,,0,738
943,AA,24,JFK,3797,BNA,3690,Y,0,ER4
944,AA,24,JFK,3797,BOS,3448,,0,738
945,AA,24,JFK,3797,BWI,3849,Y,0,ER4
946,AA,24,JFK,3797,CCS,2851,,0,757 738
947,AA,24,JFK,3797,CDG,1382,,0,763 757
948,AA,24,JFK,3797,CLE,3486,Y,0,ER4
949,AA,24,JFK,3797,CLT,3876,,0,321 319
950,AA,24,JFK,3797,CMH,3759,Y,0,ER4 CR7
951,AA,24,JFK,3797,CUN,1852,,0,738
952,AA,24,JFK,3797,CVG,3488,Y,0,ER4
953,AA,24,JFK,3797,DCA,3520,,0,738
954,AA,24,JFK,3797,DFW,3670,,0,738 757
955,AA,24,JFK,3797,DOH,11051,,0,777
956,AA,24,JFK,3797,DUB,599,,0,757
957,AA,24,JFK,3797,DUS,345,Y,0,330
958,AA,24,JFK,3797,EZE,3988,,0,777
959,AA,24,JFK,3797,FCO,1555,,0,763
960,AA,24,JFK,3797,GIG,2560,,0,763
961,AA,24,JFK,3797,GRU,2564,,0,773 77W 777
962,AA,24,JFK,3797,GYE,2673,Y,0,763
963,AA,24,JFK,3797,HEL,421,Y,0,330
964,AA,24,JFK,3797,HKG,3077,Y,0,773
965,AA,24,JFK,3797,IND,3585,Y,0,ER4
966,AA,24,JFK,3797,LAS,3877,,0,738
967,AA,24,JFK,3797,LAX,3484,,0,32B 762
968,AA,24,JFK,3797,LCY,503,,0,318
969,AA,24,JFK,3797,LHR,507,,0,777 77W
970,AA,24,JFK,3797,LIM,2789,Y,0,763
971,AA,24,JFK,3797,MAD,1229,,0,330 757 340
972,AA,24,JFK,3797,MAN,478,,0,757
973,AA,24,JFK,3797,MCO,3878,,0,763 757
974,AA,24,JFK,3797,MIA,3576,,0,757 763 738
975,AA,24,JFK,3797,MXP,1524,,0,763
976,AA,24,JFK,3797,NRT,2279,,0,787 773
977,AA,24,JFK,3797,ORD,3830,,0,738
978,AA,24,JFK,3797,ORF,3611,Y,0,ER4
979,AA,24,JFK,3797,ORY,1386,Y,0,757
980,AA,24,JFK,3797,PAP,1897,,0,763
981,AA,24,JFK,3797,PHX,3462,,0,321
982,AA,24,JFK,3797,PIT,3570,Y,0,ER4
983,AA,24,JFK,3797,RDU,3626,Y,0,ERD CR7
984,AA,24,JFK,3797,SAN,3731,,0,738
985,AA,24,JFK,3797,SCL,2650,Y,0,787
986,AA,24,JFK,3797,SEA,3577,,0,738
987,AA,24,JFK,3797,SFO,3469,,0,32B 763
988,AA,24,JFK,3797,SJO,1885,,0,738
989,AA,24,JFK,3797,SJU,2890,,0,757
990,AA,24,JFK,3797,STT,2883,,0,757
991,AA,24,JFK,3797,SXM,2899,,0,757
992,AA,24,JFK,3797,TPA,3646,Y,0,CR7
993,AA,24,JFK,3797,TXL,351,Y,0,330
994,AA,24,JFK,3797,YUL,146,Y,0,ERD
995,AA,24,JFK,3797,YYC,178,,0,737
996,AA,24,JFK,3797,YYZ,193,Y,0,CR7
997,AA,24,JFK,3797,ZRH,1678,,0,763
998,AA,24,JLN,4354,DFW,3670,Y,0,ER4
999,AA,24,JNB,813,LHR,507,Y,0,380 744
1000,AA,24,JNU,3492,KTN,3808,Y,0,737
1001,AA,24,JUL,2792,AQP,2802,Y,0,320
1002,AA,24,KHH,2264,NRT,2279,,0,763
1003,AA,24,KIN,1779,MIA,3576,,0,738
1004,AA,24,KIX,3992,HNL,3728,,0,777
1005,AA,24,KOA,3514,LAX,3484,,0,757
1006,AA,24,KOA,3514,OAK,3453,Y,0,737
1007,AA,24,KOA,3514,PHX,3462,,0,757
1008,AA,24,KOA,3514,SJC,3748,Y,0,737
1009,AA,24,KTN,3808,JNU,3492,Y,0,734
1010,AA,24,KTN,3808,SEA,3577,Y,0,734
1011,AA,24,KUL,3304,BKK,3885,,0,737
1012,AA,24,KUL,3304,CDG,1382,,0,380
1013,AA,24,KUL,3304,FRA,340,,0,777
1014,AA,24,KUL,3304,LGK,3305,,0,737
1015,AA,24,KUL,3304,LHR,507,,0,380
1016,AA,24,KUL,3304,NRT,2279,,0,763
1017,AA,24,KUL,3304,PEN,3308,,0,737
1018,AA,24,KUL,3304,SIN,3316,,0,737
1019,AA,24,KWI,2176,LHR,507,Y,0,744
1020,AA,24,LAS,3877,CLT,3876,,0,321
1021,AA,24,LAS,3877,DCA,3520,,0,320 319
1022,AA,24,LAS,3877,DFW,3670,,0,M80 738 M83 757
1023,AA,24,LAS,3877,JFK,3797,,0,738
1024,AA,24,LAS,3877,LAX,3484,,0,738
1025,AA,24,LAS,3877,LGW,502,Y,0,777
1026,AA,24,LAS,3877,LHR,507,Y,0,744
1027,AA,24,LAS,3877,MIA,3576,,0,757 738
1028,AA,24,LAS,3877,ORD,3830,,0,M83 738
1029,AA,24,LAS,3877,PHL,3752,,0,320 321
1030,AA,24,LAS,3877,PHX,3462,,0,320 321 319
1031,AA,24,LAS,3877,YEG,49,,0,737
1032,AA,24,LAS,3877,YVR,156,,0,737
1033,AA,24,LAS,3877,YYC,178,,0,737
1034,AA,24,LAS,3877,YYZ,193,,0,737
1035,AA,24,LAW,4256,DFW,3670,Y,0,ER4 ERD
1036,AA,24,LAX,3484,ABQ,4019,Y,0,CRJ CR7
1037,AA,24,LAX,3484,ANC,3774,Y,0,737
1038,AA,24,LAX,3484,AUS,3673,,0,M83 738
1039,AA,24,LAX,3484,BDL,3825,,0,738
1040,AA,24,LAX,3484,BNA,3690,,0,738
1041,AA,24,LAX,3484,BNE,3320,Y,0,744
1042,AA,24,LAX,3484,BOS,3448,,0,757 738
1043,AA,24,LAX,3484,CLT,3876,,0,321
1044,AA,24,LAX,3484,CMH,3759,,0,738
1045,AA,24,LAX,3484,DCA,3520,,0,738
1046,AA,24,LAX,3484,DEN,3751,Y,0,CR7
1047,AA,24,LAX,3484,DFW,3670,,0,738 763 757 M83
1048,AA,24,LAX,3484,DUS,345,Y,0,330
1049,AA,24,LAX,3484,ELP,3559,Y,0,CRJ
1050,AA,24,LAX,3484,EUG,4099,Y,0,CRJ
1051,AA,24,LAX,3484,FAT,3687,Y,0,CRJ
1052,AA,24,LAX,3484,GDL,1804,Y,0,737
1053,AA,24,LAX,3484,GRU,2564,,0,777
1054,AA,24,LAX,3484,HKG,3077,Y,0,773
1055,AA,24,LAX,3484,HNL,3728,,0,757
1056,AA,24,LAX,3484,IAD,3714,,0,738
1057,AA,24,LAX,3484,IAH,3550,Y,0,CR7
1058,AA,24,LAX,3484,IND,3585,,0,738
1059,AA,24,LAX,3484,JFK,3797,,0,32B 762
1060,AA,24,LAX,3484,KOA,3514,,0,757
1061,AA,24,LAX,3484,LAS,3877,,0,738
1062,AA,24,LAX,3484,LHR,507,,0,77W
1063,AA,24,LAX,3484,LIH,3602,,0,757
1064,AA,24,LAX,3484,LIM,2789,Y,0,763
1065,AA,24,LAX,3484,MAD,1229,Y,0,340
1066,AA,24,LAX,3484,MCO,3878,,0,757 738
1067,AA,24,LAX,3484,MEL,3339,Y,0,380
1068,AA,24,LAX,3484,MEX,1824,Y,0,737
1069,AA,24,LAX,3484,MFR,4101,Y,0,DH4
1070,AA,24,LAX,3484,MIA,3576,,0,757 777 763 738
1071,AA,24,LAX,3484,MMH,7081,Y,0,DH4
1072,AA,24,LAX,3484,MRY,3948,Y,0,CRJ
1073,AA,24,LAX,3484,NAN,1960,Y,0,330
1074,AA,24,LAX,3484,NRT,2279,,0,777 773
1075,AA,24,LAX,3484,OGG,3456,,0,757
1076,AA,24,LAX,3484,OKC,3863,Y,0,CR7
1077,AA,24,LAX,3484,ORD,3830,,0,738
1078,AA,24,LAX,3484,PBI,3722,,0,738
1079,AA,24,LAX,3484,PDX,3720,Y,0,737
1080,AA,24,LAX,3484,PHL,3752,,0,321 320
1081,AA,24,LAX,3484,PHX,3462,,0,321 319 320
1082,AA,24,LAX,3484,PIT,3570,,0,738
1083,AA,24,LAX,3484,PPT,4075,Y,0,340
1084,AA,24,LAX,3484,PVG,3406,,0,777
1085,AA,24,LAX,3484,RDM,4103,Y,0,CRJ
1086,AA,24,LAX,3484,RDU,3626,,0,738
1087,AA,24,LAX,3484,RNO,3807,Y,0,CRJ
1088,AA,24,LAX,3484,SAF,3784,Y,0,CRJ
1089,AA,24,LAX,3484,SAN,3731,Y,0,CRJ CR7
1090,AA,24,LAX,3484,SEA,3577,Y,0,737
1091,AA,24,LAX,3484,SFO,3469,,0,738
1092,AA,24,LAX,3484,SJC,3748,Y,0,CR7 CRJ
1093,AA,24,LAX,3484,SJD,1840,,0,M83 738
1094,AA,24,LAX,3484,SLC,3536,Y,0,CRJ CR7
1095,AA,24,LAX,3484,SMF,3817,Y,0,CRJ
1096,AA,24,LAX,3484,STL,3678,,0,M83
1097,AA,24,LAX,3484,STS,6992,Y,0,DH4
1098,AA,24,LAX,3484,SYD,3361,Y,0,380 744
1099,AA,24,LAX,3484,TUS,3636,Y,0,CRJ
1100,AA,24,LAX,3484,XNA,4356,Y,0,CR7
1101,AA,24,LAX,3484,YEG,49,,0,737
1102,AA,24,LAX,3484,YVR,156,,0,737
1103,AA,24,LAX,3484,YYC,178,,0,737
1104,AA,24,LAX,3484,YYZ,193,,0,738
1105,AA,24,LBA,517,LHR,507,Y,0,319
1106,AA,24,LBB,3829,DFW,3670,,0,M80 M83
1107,AA,24,LCA,1197,LHR,507,Y,0,767
1108,AA,24,LCH,3513,DFW,3670,Y,0,ER4 ERD
1109,AA,24,LEX,4017,CLT,3876,Y,0,CR7 CRJ
1110,AA,24,LEX,4017,DFW,3670,Y,0,ERD ER4
1111,AA,24,LEX,4017,ORD,3830,Y,0,ERD ER4
1112,AA,24,LFT,3493,DFW,3670,Y,0,ERD ER4 CRJ
1113,AA,24,LGA,3697,BNA,3690,Y,0,CR7
1114,AA,24,LGA,3697,BOS,3448,,0,319 E90
1115,AA,24,LGA,3697,CHO,4015,Y,0,ERD
1116,AA,24,LGA,3697,CLT,3876,,0,321 319 320
1117,AA,24,LGA,3697,CMH,3759,Y,0,CR7 ERD
1118,AA,24,LGA,3697,DAY,3627,Y,0,ERD
1119,AA,24,LGA,3697,DCA,3520,,0,319 E90
1120,AA,24,LGA,3697,DFW,3670,,0,738
1121,AA,24,LGA,3697,DTW,3645,Y,0,CR7
1122,AA,24,LGA,3697,GSO,4008,Y,0,ERD
1123,AA,24,LGA,3697,ILM,3845,Y,0,ERD
1124,AA,24,LGA,3697,LIT,3660,Y,0,CR7
1125,AA,24,LGA,3697,MIA,3576,,0,738
1126,AA,24,LGA,3697,ORD,3830,,0,738
1127,AA,24,LGA,3697,ORF,3611,Y,0,ERD
1128,AA,24,LGA,3697,PBI,3722,,0,738
1129,AA,24,LGA,3697,PHL,3752,,0,E90 DH3 319
1130,AA,24,LGA,3697,PIT,3570,Y,0,CRJ E75
1131,AA,24,LGA,3697,RDU,3626,Y,0,ERD CR7
1132,AA,24,LGA,3697,RIC,3608,Y,0,ERD
1133,AA,24,LGA,3697,ROA,4016,Y,0,ERD
1134,AA,24,LGA,3697,SDF,4014,Y,0,ERD
1135,AA,24,LGA,3697,STL,3678,Y,0,CR7
1136,AA,24,LGA,3697,TYS,3676,Y,0,ERD
1137,AA,24,LGA,3697,XNA,4356,Y,0,CR7
1138,AA,24,LGA,3697,YUL,146,Y,0,ERD
1139,AA,24,LGA,3697,YYZ,193,Y,0,CR7
1140,AA,24,LGB,3582,PDX,3720,Y,0,CR7
1141,AA,24,LGB,3582,PHX,3462,,0,319
1142,AA,24,LGB,3582,SEA,3577,Y,0,CR7
1143,AA,24,LGK,3305,KUL,3304,,0,737
1144,AA,24,LGW,502,LAS,3877,Y,0,777
1145,AA,24,LGW,502,MCO,3878,Y,0,777
1146,AA,24,LGW,502,TPA,3646,Y,0,777
1147,AA,24,LHE,2207,AUH,2179,Y,0,346 77W 320
1148,AA,24,LHR,507,ABZ,532,Y,0,319 321 320
1149,AA,24,LHR,507,ACC,248,Y,0,744
1150,AA,24,LHR,507,AGP,1230,Y,0,320
1151,AA,24,LHR,507,AMS,580,Y,0,320 319 321
1152,AA,24,LHR,507,ARN,737,Y,0,321 319 767 320
1153,AA,24,LHR,507,ATH,3941,Y,0,767 320
1154,AA,24,LHR,507,ATL,3682,Y,0,777
1155,AA,24,LHR,507,AUH,2179,Y,0,777
1156,AA,24,LHR,507,AUS,3673,,0,787
1157,AA,24,LHR,507,BAH,2057,Y,0,777
1158,AA,24,LHR,507,BCN,1218,Y,0,319 320 321 767
1159,AA,24,LHR,507,BGO,636,Y,0,319
1160,AA,24,LHR,507,BHD,467,Y,0,319
1161,AA,24,LHR,507,BLQ,1538,Y,0,320 319
1162,AA,24,LHR,507,BLR,3131,Y,0,777
1163,AA,24,LHR,507,BOM,2997,Y,0,777
1164,AA,24,LHR,507,BOS,3448,Y,0,744 777
1165,AA,24,LHR,507,BRU,302,Y,0,320 319 321
1166,AA,24,LHR,507,BSL,1423,Y,0,319 321
1167,AA,24,LHR,507,BUD,1489,Y,0,320
1168,AA,24,LHR,507,BWI,3849,Y,0,767
1169,AA,24,LHR,507,CDG,1382,Y,0,320 319 321
1170,AA,24,LHR,507,CLT,3876,,0,333
1171,AA,24,LHR,507,CPH,609,Y,0,321 320 319
1172,AA,24,LHR,507,CPT,797,Y,0,744 777
1173,AA,24,LHR,507,DEL,3093,Y,0,777
1174,AA,24,LHR,507,DEN,3751,Y,0,777
1175,AA,24,LHR,507,DFW,3670,,0,77W 777
1176,AA,24,LHR,507,DUB,599,Y,0,319
1177,AA,24,LHR,507,DUS,345,Y,0,319 320
1178,AA,24,LHR,507,DXB,2188,Y,0,744 777
1179,AA,24,LHR,507,EBB,1187,Y,0,767
1180,AA,24,LHR,507,EDI,535,Y,0,767 321 320 319
1181,AA,24,LHR,507,EWR,3494,Y,0,777 787
1182,AA,24,LHR,507,FCO,1555,Y,0,321 320 319
1183,AA,24,LHR,507,FRA,340,Y,0,319 320
1184,AA,24,LHR,507,GIB,1738,Y,0,320
1185,AA,24,LHR,507,GLA,534,Y,0,319 320 321 767
1186,AA,24,LHR,507,GOT,687,Y,0,320 321 319
1187,AA,24,LHR,507,GVA,1665,Y,0,319 320 321
1188,AA,24,LHR,507,HAJ,352,Y,0,319
1189,AA,24,LHR,507,HAM,342,Y,0,321 319 320
1190,AA,24,LHR,507,HEL,421,Y,0,320
1191,AA,24,LHR,507,HYD,\N,Y,0,767
1192,AA,24,LHR,507,IAD,3714,Y,0,744 777
1193,AA,24,LHR,507,IAH,3550,Y,0,744 777
1194,AA,24,LHR,507,IST,1701,Y,0,767 320
1195,AA,24,LHR,507,JFK,3797,,0,77W 777
1196,AA,24,LHR,507,JNB,813,Y,0,380 744
1197,AA,24,LHR,507,KUL,3304,,0,380
1198,AA,24,LHR,507,KWI,2176,Y,0,744
1199,AA,24,LHR,507,LAS,3877,Y,0,744
1200,AA,24,LHR,507,LAX,3484,,0,77W
1201,AA,24,LHR,507,LBA,517,Y,0,319
1202,AA,24,LHR,507,LCA,1197,Y,0,767
1203,AA,24,LHR,507,LIN,1529,Y,0,319 320 321
1204,AA,24,LHR,507,LIS,1638,Y,0,320
1205,AA,24,LHR,507,LUX,629,Y,0,319
1206,AA,24,LHR,507,LYS,1335,Y,0,319
1207,AA,24,LHR,507,MAA,3144,Y,0,777
1208,AA,24,LHR,507,MAN,478,Y,0,319 320 321
1209,AA,24,LHR,507,MIA,3576,,0,77W 777
1210,AA,24,LHR,507,MRS,1353,Y,0,319 320
1211,AA,24,LHR,507,MUC,346,Y,0,320 321 319
1212,AA,24,LHR,507,MXP,1524,Y,0,319 320 321
1213,AA,24,LHR,507,NBO,4059,Y,0,744
1214,AA,24,LHR,507,NCE,1354,Y,0,320 321 319
1215,AA,24,LHR,507,NCL,521,Y,0,321 320 319
1216,AA,24,LHR,507,ORD,3830,,0,763 777
1217,AA,24,LHR,507,OSL,644,Y,0,319 320 321
1218,AA,24,LHR,507,OTP,1657,Y,0,320
1219,AA,24,LHR,507,PHL,3752,,0,333
1220,AA,24,LHR,507,PHX,3462,Y,0,744
1221,AA,24,LHR,507,PRG,1587,Y,0,320
1222,AA,24,LHR,507,PSA,1562,Y,0,320 321
1223,AA,24,LHR,507,RDU,3626,,0,763
1224,AA,24,LHR,507,RTM,591,Y,0,319
1225,AA,24,LHR,507,SAN,3731,Y,0,777
1226,AA,24,LHR,507,SEA,3577,,0,777
1227,AA,24,LHR,507,SFO,3469,Y,0,744
1228,AA,24,LHR,507,SOF,1194,Y,0,320
1229,AA,24,LHR,507,STR,350,Y,0,319 321 320
1230,AA,24,LHR,507,SVG,666,Y,0,319
1231,AA,24,LHR,507,TLS,1273,Y,0,319 320
1232,AA,24,LHR,507,TXL,351,Y,0,320 321 319
1233,AA,24,LHR,507,VCE,1551,Y,0,320 319
1234,AA,24,LHR,507,VIE,1613,Y,0,320 319
1235,AA,24,LHR,507,WAW,679,Y,0,320
1236,AA,24,LHR,507,YUL,146,Y,0,777
1237,AA,24,LHR,507,YVR,156,Y,0,744
1238,AA,24,LHR,507,YYC,178,Y,0,767
1239,AA,24,LHR,507,YYZ,193,Y,0,787 744
1240,AA,24,LHR,507,ZAG,1208,Y,0,319 320
1241,AA,24,LHR,507,ZRH,1678,Y,0,320 319 321
1242,AA,24,LIH,3602,LAX,3484,,0,757
1243,AA,24,LIH,3602,OAK,3453,Y,0,737
1244,AA,24,LIH,3602,PHX,3462,,0,757
1245,AA,24,LIH,3602,SJC,3748,Y,0,737
1246,AA,24,LIM,2789,DFW,3670,,0,763
1247,AA,24,LIM,2789,JFK,3797,Y,0,763
1248,AA,24,LIM,2789,LAX,3484,Y,0,763
1249,AA,24,LIM,2789,MIA,3576,,0,757 763
1250,AA,24,LIM,2789,SCL,2650,Y,0,763
1251,AA,24,LIN,1529,LHR,507,Y,0,321 319 320
1252,AA,24,LIR,1881,CLT,3876,,0,320
1253,AA,24,LIR,1881,DFW,3670,,0,738
1254,AA,24,LIR,1881,MIA,3576,,0,738
1255,AA,24,LIR,1881,SJO,1885,,0,
1256,AA,24,LIS,1638,LHR,507,Y,0,320
1257,AA,24,LIS,1638,PHL,3752,,0,757
1258,AA,24,LIT,3660,CLT,3876,Y,0,CR9 CRJ
1259,AA,24,LIT,3660,DCA,3520,Y,0,E70
1260,AA,24,LIT,3660,DFW,3670,,0,M80 M83
1261,AA,24,LIT,3660,LGA,3697,Y,0,CR7
1262,AA,24,LIT,3660,ORD,3830,Y,0,CR7 ER4
1263,AA,24,LPA,1054,MAD,1229,Y,0,320
1264,AA,24,LPB,2762,VVI,2771,,0,757
1265,AA,24,LRD,3691,DFW,3670,Y,0,ERD CRJ ER4
1266,AA,24,LRM,1759,MIA,3576,Y,0,ER4
1267,AA,24,LSE,4044,ORD,3830,Y,0,ER4 ERD
1268,AA,24,LUX,629,LHR,507,Y,0,319
1269,AA,24,LYH,5753,CLT,3876,,0,DH8
1270,AA,24,LYS,1335,LHR,507,Y,0,319
1271,AA,24,MAA,3144,LHR,507,Y,0,777
1272,AA,24,MAD,1229,BOS,3448,,0,330
1273,AA,24,MAD,1229,DFW,3670,,0,777
1274,AA,24,MAD,1229,JFK,3797,,0,757 330 340
1275,AA,24,MAD,1229,LAX,3484,Y,0,340
1276,AA,24,MAD,1229,MIA,3576,,0,763 330 340
1277,AA,24,MAD,1229,ORD,3830,,0,330
1278,AA,24,MAD,1229,PHL,3752,,0,333
1279,AA,24,MAF,3652,DFW,3670,Y,0,CRJ ERD ER4
1280,AA,24,MAN,478,HEL,421,Y,0,E70
1281,AA,24,MAN,478,JFK,3797,,0,757
1282,AA,24,MAN,478,LHR,507,Y,0,319 320 321
1283,AA,24,MAN,478,ORD,3830,,0,763
1284,AA,24,MAN,478,PHL,3752,,0,332
1285,AA,24,MAO,2551,MIA,3576,,0,738 763
1286,AA,24,MAR,2848,MIA,3576,,0,757
1287,AA,24,MBJ,1780,CLT,3876,,0,319 321 320
1288,AA,24,MBJ,1780,DFW,3670,,0,738
1289,AA,24,MBJ,1780,MIA,3576,,0,738 757
1290,AA,24,MBJ,1780,ORD,3830,,0,738
1291,AA,24,MBJ,1780,PHL,3752,,0,320 319 321
1292,AA,24,MCI,3458,CLT,3876,,0,319
1293,AA,24,MCI,3458,DCA,3520,Y,0,E75 E70
1294,AA,24,MCI,3458,DFW,3670,,0,M83 M80
1295,AA,24,MCI,3458,ORD,3830,Y,0,E75 ER4 CR7 ERD
1296,AA,24,MCI,3458,PHL,3752,Y,0,E75 E70 CRJ
1297,AA,24,MCI,3458,PHX,3462,,0,319
1298,AA,24,MCI,3458,SEA,3577,Y,0,737
1299,AA,24,MCO,3878,CLT,3876,,0,321 757 767 319
1300,AA,24,MCO,3878,DCA,3520,,0,319 320
1301,AA,24,MCO,3878,DFW,3670,,0,738 M83 M80 757
1302,AA,24,MCO,3878,GRU,2564,,0,320
1303,AA,24,MCO,3878,JFK,3797,,0,763 757
1304,AA,24,MCO,3878,LAX,3484,,0,757 738
1305,AA,24,MCO,3878,LGW,502,Y,0,777
1306,AA,24,MCO,3878,MIA,3576,,0,757 738
1307,AA,24,MCO,3878,ORD,3830,,0,738 M83 M80
1308,AA,24,MCO,3878,PHL,3752,,0,321 767 757 320 332
1309,AA,24,MCO,3878,PHX,3462,,0,321 320
1310,AA,24,MCO,3878,SAN,3731,Y,0,737
1311,AA,24,MCO,3878,SEA,3577,Y,0,737
1312,AA,24,MCO,3878,YYZ,193,,0,737
1313,AA,24,MCT,2194,AUH,2179,Y,0,777
1314,AA,24,MDE,2745,MIA,3576,,0,738
1315,AA,24,MDT,3542,BOS,3448,,0,DH3
1316,AA,24,MDT,3542,CLT,3876,,0,319 CR7 CRJ
1317,AA,24,MDT,3542,ORD,3830,Y,0,CR7 ERD
1318,AA,24,MDT,3542,PHL,3752,,0,DH3
1319,AA,24,MEL,3339,ADL,3341,Y,0,737
1320,AA,24,MEL,3339,BNE,3320,Y,0,737
1321,AA,24,MEL,3339,CBR,3355,Y,0,737
1322,AA,24,MEL,3339,LAX,3484,Y,0,380
1323,AA,24,MEL,3339,PER,3351,Y,0,330 737
1324,AA,24,MEL,3339,SYD,3361,Y,0,737 763
1325,AA,24,MEM,3473,CLT,3876,,0,319 CR7
1326,AA,24,MEM,3473,DCA,3520,Y,0,CRJ
1327,AA,24,MEM,3473,DFW,3670,,0,319
1328,AA,24,MEM,3473,MIA,3576,Y,0,ER4
1329,AA,24,MEM,3473,ORD,3830,Y,0,CR7 ER4 ERD
1330,AA,24,MEX,1824,CLT,3876,,0,319
1331,AA,24,MEX,1824,DFW,3670,,0,M80 M83
1332,AA,24,MEX,1824,LAX,3484,Y,0,737
1333,AA,24,MEX,1824,MIA,3576,,0,738
1334,AA,24,MEX,1824,ORD,3830,,0,738
1335,AA,24,MEX,1824,PHX,3462,,0,319
1336,AA,24,MFE,3826,DFW,3670,,0,M83 M80 319
1337,AA,24,MFR,4101,LAX,3484,Y,0,DH4
1338,AA,24,MGA,1863,MIA,3576,,0,738
1339,AA,24,MGM,4115,CLT,3876,Y,0,CRJ
1340,AA,24,MGM,4115,DFW,3670,Y,0,ERD ER4
1341,AA,24,MHH,1930,MIA,3576,Y,0,ERD
1342,AA,24,MHK,4050,DFW,3670,Y,0,ERD ER4
1343,AA,24,MHK,4050,ORD,3830,Y,0,ERD ER4
1344,AA,24,MHT,4011,CLT,3876,Y,0,CR9
1345,AA,24,MHT,4011,DCA,3520,,0,CRJ
1346,AA,24,MHT,4011,PHL,3752,Y,0,E70 E75 CRJ
1347,AA,24,MIA,3576,ANU,2874,,0,738
1348,AA,24,MIA,3576,ASU,2699,,0,757
1349,AA,24,MIA,3576,ATL,3682,,0,738
1350,AA,24,MIA,3576,AUA,2895,,0,738
1351,AA,24,MIA,3576,BCN,1218,,0,763
1352,AA,24,MIA,3576,BDA,4069,,0,738
1353,AA,24,MIA,3576,BDL,3825,,0,738
1354,AA,24,MIA,3576,BGI,2875,,0,757
1355,AA,24,MIA,3576,BHM,3811,Y,0,ER4
1356,AA,24,MIA,3576,BNA,3690,,0,738
1357,AA,24,MIA,3576,BOG,2709,,0,763 757
1358,AA,24,MIA,3576,BOS,3448,,0,757 738
1359,AA,24,MIA,3576,BSB,2531,,0,763 757
1360,AA,24,MIA,3576,BWI,3849,,0,738
1361,AA,24,MIA,3576,BZE,1957,,0,738
1362,AA,24,MIA,3576,CCS,2851,,0,757 763 738
1363,AA,24,MIA,3576,CDG,1382,,0,763
1364,AA,24,MIA,3576,CHS,3806,Y,0,ER4
1365,AA,24,MIA,3576,CLE,3486,Y,0,ER4
1366,AA,24,MIA,3576,CLO,2715,,0,738
1367,AA,24,MIA,3576,CLT,3876,,0,319 321 320 737
1368,AA,24,MIA,3576,CMH,3759,Y,0,ER4
1369,AA,24,MIA,3576,CNF,2537,,0,763
1370,AA,24,MIA,3576,CUN,1852,,0,738 757
1371,AA,24,MIA,3576,CUR,2897,,0,738
1372,AA,24,MIA,3576,CVG,3488,Y,0,ER4
1373,AA,24,MIA,3576,CWB,2545,,0,763
1374,AA,24,MIA,3576,CZM,1800,,0,738
1375,AA,24,MIA,3576,DCA,3520,,0,738
1376,AA,24,MIA,3576,DEN,3751,,0,738
1377,AA,24,MIA,3576,DFW,3670,,0,738 757
1378,AA,24,MIA,3576,DTW,3645,,0,738
1379,AA,24,MIA,3576,DUS,345,Y,0,330
1380,AA,24,MIA,3576,ELH,1943,Y,0,ER4
1381,AA,24,MIA,3576,EWR,3494,,0,738 757
1382,AA,24,MIA,3576,EYW,3875,Y,0,ERD
1383,AA,24,MIA,3576,EZE,3988,,0,777
1384,AA,24,MIA,3576,FDF,2878,,0,738
1385,AA,24,MIA,3576,FPO,1948,Y,0,ER4 ERD
1386,AA,24,MIA,3576,GCM,1926,,0,738
1387,AA,24,MIA,3576,GGT,1941,Y,0,ER4
1388,AA,24,MIA,3576,GIG,2560,,0,763
1389,AA,24,MIA,3576,GND,2882,,0,738
1390,AA,24,MIA,3576,GNV,3472,Y,0,ER4
1391,AA,24,MIA,3576,GRU,2564,,0,773 777
1392,AA,24,MIA,3576,GSO,4008,Y,0,ER4
1393,AA,24,MIA,3576,GUA,1767,,0,738
1394,AA,24,MIA,3576,GYE,2673,,0,738 763 757
1395,AA,24,MIA,3576,IAD,3714,,0,738
1396,AA,24,MIA,3576,IAH,3550,,0,738
1397,AA,24,MIA,3576,IND,3585,Y,0,ER4
1398,AA,24,MIA,3576,JAX,3712,Y,0,ER4 ERD
1399,AA,24,MIA,3576,JFK,3797,,0,763 757 738
1400,AA,24,MIA,3576,KIN,1779,,0,738
1401,AA,24,MIA,3576,LAS,3877,,0,738 757
1402,AA,24,MIA,3576,LAX,3484,,0,777 763 757 738
1403,AA,24,MIA,3576,LGA,3697,,0,738
1404,AA,24,MIA,3576,LHR,507,,0,77W 777
1405,AA,24,MIA,3576,LIM,2789,,0,763 757
1406,AA,24,MIA,3576,LIR,1881,,0,738
1407,AA,24,MIA,3576,LPB,2762,,0,757
1408,AA,24,MIA,3576,LRM,1759,Y,0,ER4
1409,AA,24,MIA,3576,MAD,1229,,0,330 763 340
1410,AA,24,MIA,3576,MAO,2551,,0,763 738
1411,AA,24,MIA,3576,MAR,2848,,0,757
1412,AA,24,MIA,3576,MBJ,1780,,0,738 757
1413,AA,24,MIA,3576,MCO,3878,,0,757 738
1414,AA,24,MIA,3576,MDE,2745,,0,738
1415,AA,24,MIA,3576,MEM,3473,Y,0,ER4
1416,AA,24,MIA,3576,MEX,1824,,0,738
1417,AA,24,MIA,3576,MGA,1863,,0,738
1418,AA,24,MIA,3576,MHH,1930,Y,0,ERD
1419,AA,24,MIA,3576,MSP,3858,,0,738
1420,AA,24,MIA,3576,MSY,3861,,0,738
1421,AA,24,MIA,3576,MVD,2816,,0,763
1422,AA,24,MIA,3576,MXP,1524,,0,763
1423,AA,24,MIA,3576,NAS,1953,Y,0,ER4 ERD
1424,AA,24,MIA,3576,ORD,3830,,0,738 763
1425,AA,24,MIA,3576,ORF,3611,Y,0,ER4
1426,AA,24,MIA,3576,PAP,1897,,0,738 763 757
1427,AA,24,MIA,3576,PHL,3752,,0,320 738 321 757
1428,AA,24,MIA,3576,PHX,3462,,0,738
1429,AA,24,MIA,3576,PIT,3570,Y,0,ER4
1430,AA,24,MIA,3576,PLS,1754,,0,757
1431,AA,24,MIA,3576,PNS,3564,Y,0,ER4
1432,AA,24,MIA,3576,POP,1761,,0,757
1433,AA,24,MIA,3576,POS,2902,,0,757
1434,AA,24,MIA,3576,PTP,2881,,0,738
1435,AA,24,MIA,3576,PTY,1871,,0,738
1436,AA,24,MIA,3576,PUJ,1760,,0,738 757
1437,AA,24,MIA,3576,RDU,3626,,0,738
1438,AA,24,MIA,3576,REC,2610,,0,757
1439,AA,24,MIA,3576,RIC,3608,Y,0,ER4
1440,AA,24,MIA,3576,RTB,1774,,0,738
1441,AA,24,MIA,3576,SAL,1892,,0,738
1442,AA,24,MIA,3576,SAN,3731,,0,738
1443,AA,24,MIA,3576,SAP,1772,,0,738
1444,AA,24,MIA,3576,SCL,2650,,0,763
1445,AA,24,MIA,3576,SDF,4014,Y,0,ER4
1446,AA,24,MIA,3576,SDQ,1762,,0,757 763
1447,AA,24,MIA,3576,SEA,3577,,0,757
1448,AA,24,MIA,3576,SFO,3469,,0,763 757 738
1449,AA,24,MIA,3576,SJO,1885,,0,757 738
1450,AA,24,MIA,3576,SJU,2890,,0,738 757
1451,AA,24,MIA,3576,SKB,2891,,0,738
1452,AA,24,MIA,3576,SSA,2621,,0,757
1453,AA,24,MIA,3576,STI,1764,,0,757 738
1454,AA,24,MIA,3576,STL,3678,,0,738
1455,AA,24,MIA,3576,STT,2883,,0,757
1456,AA,24,MIA,3576,STX,2884,,0,738
1457,AA,24,MIA,3576,SXM,2899,,0,757 738
1458,AA,24,MIA,3576,TGU,1776,,0,757
1459,AA,24,MIA,3576,TLH,3698,Y,0,ER4 ERD
1460,AA,24,MIA,3576,TPA,3646,,0,738
1461,AA,24,MIA,3576,TUL,3855,,0,738
1462,AA,24,MIA,3576,TXL,351,Y,0,330
1463,AA,24,MIA,3576,UIO,2688,,0,757
1464,AA,24,MIA,3576,UVF,2894,,0,757
1465,AA,24,MIA,3576,YUL,146,,0,738
1466,AA,24,MIA,3576,YYZ,193,,0,738
1467,AA,24,MKE,3717,CLT,3876,Y,0,CRJ CR7 CR9
1468,AA,24,MKE,3717,DFW,3670,,0,M80 M83
1469,AA,24,MKE,3717,ORD,3830,Y,0,CRJ
1470,AA,24,MKE,3717,PHL,3752,Y,0,CRJ
1471,AA,24,MKE,3717,PHX,3462,,0,320 319
1472,AA,24,MLB,3671,CLT,3876,,0,CRJ
1473,AA,24,MLI,4072,DFW,3670,Y,0,ERD ER4
1474,AA,24,MLI,4072,ORD,3830,Y,0,ER4 ERD
1475,AA,24,MLM,1821,DFW,3670,Y,0,ER4
1476,AA,24,MLU,3732,DFW,3670,Y,0,ER4 CRJ
1477,AA,24,MMH,7081,LAX,3484,Y,0,DH4
1478,AA,24,MOB,3782,CLT,3876,Y,0,CRJ
1479,AA,24,MOB,3782,DFW,3670,Y,0,ER4 CRJ
1480,AA,24,MQT,3675,ORD,3830,Y,0,ER4
1481,AA,24,MRS,1353,LHR,507,Y,0,319
1482,AA,24,MRY,3948,LAX,3484,Y,0,CRJ
1483,AA,24,MRY,3948,PHX,3462,Y,0,CRJ
1484,AA,24,MSN,3459,DFW,3670,Y,0,ER4 CRJ
1485,AA,24,MSN,3459,ORD,3830,Y,0,ER4 ERD
1486,AA,24,MSP,3858,CLT,3876,,0,319 320 321
1487,AA,24,MSP,3858,DCA,3520,Y,0,E75 E70
1488,AA,24,MSP,3858,DFW,3670,,0,M80 M83 738
1489,AA,24,MSP,3858,MIA,3576,,0,738
1490,AA,24,MSP,3858,ORD,3830,Y,0,E75 CR7
1491,AA,24,MSP,3858,PHL,3752,,0,319 E90
1492,AA,24,MSP,3858,PHX,3462,,0,320 321 319
1493,AA,24,MSY,3861,AUS,3673,,0,
1494,AA,24,MSY,3861,CLT,3876,Y,0,319 320 E75 CR9 E70
1495,AA,24,MSY,3861,DCA,3520,Y,0,E75 E70 319
1496,AA,24,MSY,3861,DFW,3670,,0,M80 M83
1497,AA,24,MSY,3861,MIA,3576,,0,738
1498,AA,24,MSY,3861,ORD,3830,Y,0,E75
1499,AA,24,MSY,3861,PHL,3752,Y,0,319 E90 E75
1500,AA,24,MTY,1825,DFW,3670,,0,M80 M83
1501,AA,24,MUC,346,LHR,507,Y,0,321 320 319
1502,AA,24,MUC,346,PHL,3752,,0,333
1503,AA,24,MVD,2816,MIA,3576,,0,763
1504,AA,24,MXP,1524,JFK,3797,,0,763
1505,AA,24,MXP,1524,LHR,507,Y,0,319 320
1506,AA,24,MXP,1524,MIA,3576,,0,763
1507,AA,24,MYR,3515,CLT,3876,,0,DH8 CR7 CR9
1508,AA,24,MYR,3515,DCA,3520,Y,0,CRJ
1509,AA,24,MYR,3515,PHL,3752,Y,0,CRJ E75
1510,AA,24,MZT,1826,DFW,3670,Y,0,ERD ER4
1511,AA,24,MZT,1826,PHX,3462,,0,320 319
1512,AA,24,NAN,1960,LAX,3484,Y,0,330
1513,AA,24,NAS,1953,CLT,3876,,0,319 737
1514,AA,24,NAS,1953,DCA,3520,,0,319
1515,AA,24,NAS,1953,DFW,3670,,0,738
1516,AA,24,NAS,1953,MIA,3576,Y,0,ER4 ERD
1517,AA,24,NAS,1953,PHL,3752,,0,319 320
1518,AA,24,NBO,4059,LHR,507,Y,0,744
1519,AA,24,NCE,1354,LHR,507,Y,0,319 320 321
1520,AA,24,NCL,521,LHR,507,Y,0,319 321 320
1521,AA,24,NGO,3942,HNL,3728,,0,777
1522,AA,24,NGO,3942,NRT,2279,,0,787
1523,AA,24,NRT,2279,BKK,3885,,0,763
1524,AA,24,NRT,2279,BOS,3448,,0,787
1525,AA,24,NRT,2279,CTS,2287,,0,773
1526,AA,24,NRT,2279,DFW,3670,,0,777
1527,AA,24,NRT,2279,FUK,2305,,0,737
1528,AA,24,NRT,2279,HAN,3199,,0,763
1529,AA,24,NRT,2279,HKG,3077,,0,763
1530,AA,24,NRT,2279,HNL,3728,,0,787 777
1531,AA,24,NRT,2279,ICN,3930,,0,737
1532,AA,24,NRT,2279,ITM,2334,,0,737 773
1533,AA,24,NRT,2279,JFK,3797,,0,773 787
1534,AA,24,NRT,2279,KHH,2264,,0,763
1535,AA,24,NRT,2279,KUL,3304,,0,763
1536,AA,24,NRT,2279,LAX,3484,,0,777 773
1537,AA,24,NRT,2279,NGO,3942,,0,787
1538,AA,24,NRT,2279,ORD,3830,,0,773 777
1539,AA,24,NRT,2279,PUS,2372,,0,737
1540,AA,24,NRT,2279,SAN,3731,,0,787
1541,AA,24,NRT,2279,SGN,3205,,0,763
1542,AA,24,NRT,2279,SIN,3316,,0,763
1543,AA,24,NRT,2279,TPE,2276,,0,737
1544,AA,24,NRT,2279,YVR,156,,0,787
1545,AA,24,OAJ,4386,CLT,3876,,0,DH8 CR7
1546,AA,24,OAJ,4386,DCA,3520,Y,0,CRJ
1547,AA,24,OAK,3453,HNL,3728,Y,0,737
1548,AA,24,OAK,3453,KOA,3514,Y,0,737
1549,AA,24,OAK,3453,LIH,3602,Y,0,737
1550,AA,24,OAK,3453,OGG,3456,Y,0,737
1551,AA,24,OAK,3453,PDX,3720,Y,0,DH4
1552,AA,24,OAK,3453,PHX,3462,,0,319 CR9
1553,AA,24,OAK,3453,SEA,3577,Y,0,737
1554,AA,24,OGG,3456,DFW,3670,,0,763
1555,AA,24,OGG,3456,LAX,3484,,0,757
1556,AA,24,OGG,3456,OAK,3453,Y,0,737
1557,AA,24,OGG,3456,PHX,3462,,0,757
1558,AA,24,OGG,3456,SJC,3748,Y,0,737
1559,AA,24,OGG,3456,SMF,3817,Y,0,737
1560,AA,24,OKC,3863,DFW,3670,,0,M80 M83
1561,AA,24,OKC,3863,LAX,3484,Y,0,CR7
1562,AA,24,OKC,3863,ORD,3830,Y,0,CR7 ER4
1563,AA,24,OMA,3454,CLT,3876,Y,0,CR9
1564,AA,24,OMA,3454,DCA,3520,Y,0,E70
1565,AA,24,OMA,3454,DFW,3670,,0,M80 M83
1566,AA,24,OMA,3454,ORD,3830,Y,0,E75 ER4 CR7
1567,AA,24,OMA,3454,PHX,3462,,0,319
1568,AA,24,ONT,3734,DFW,3670,,0,M80 M83
1569,AA,24,ONT,3734,PDX,3720,Y,0,CR7
1570,AA,24,ONT,3734,PHX,3462,,0,320 319
1571,AA,24,ONT,3734,SEA,3577,Y,0,737
1572,AA,24,ORD,3830,ABQ,4019,Y,0,E75
1573,AA,24,ORD,3830,ALO,5718,Y,0,ERD
1574,AA,24,ORD,3830,AMM,2170,Y,0,340
1575,AA,24,ORD,3830,ART,3838,Y,0,ERD
1576,AA,24,ORD,3830,ATL,3682,Y,0,E75 CR7
1577,AA,24,ORD,3830,AUH,2179,Y,0,777
1578,AA,24,ORD,3830,AUS,3673,,0,M80 M83
1579,AA,24,ORD,3830,AZO,4039,Y,0,ER4 ERD
1580,AA,24,ORD,3830,BDL,3825,Y,0,ER4 E75
1581,AA,24,ORD,3830,BMI,4037,Y,0,ER4 ERD
1582,AA,24,ORD,3830,BNA,3690,Y,0,ER4 ERD CR7 E75
1583,AA,24,ORD,3830,BOS,3448,,0,738
1584,AA,24,ORD,3830,BUF,3820,Y,0,ER4 CR7 E75
1585,AA,24,ORD,3830,BWI,3849,Y,0,E75 ER4 CR7
1586,AA,24,ORD,3830,CDG,1382,,0,763
1587,AA,24,ORD,3830,CHA,3578,Y,0,ER4 ERD
1588,AA,24,ORD,3830,CHO,4015,Y,0,CRJ
1589,AA,24,ORD,3830,CID,4043,Y,0,ER4
1590,AA,24,ORD,3830,CLE,3486,Y,0,ER4 CR7 ERD
1591,AA,24,ORD,3830,CLT,3876,,0,321 320 E90 319
1592,AA,24,ORD,3830,CMH,3759,Y,0,ER4 CR7 ERD
1593,AA,24,ORD,3830,CMI,4049,Y,0,ER4 ERD
1594,AA,24,ORD,3830,COU,3719,Y,0,ER4 ERD
1595,AA,24,ORD,3830,CUN,1852,,0,738
1596,AA,24,ORD,3830,CVG,3488,Y,0,ER4
1597,AA,24,ORD,3830,CWA,4045,Y,0,ERD ER4
1598,AA,24,ORD,3830,DAY,3627,Y,0,ER4
1599,AA,24,ORD,3830,DBQ,4388,Y,0,ERD ER4
1600,AA,24,ORD,3830,DCA,3520,,0,738 M83 M80
1601,AA,24,ORD,3830,DEN,3751,,0,M80 M83
1602,AA,24,ORD,3830,DFW,3670,,0,M80 M83 738
1603,AA,24,ORD,3830,DOH,11051,,0,777
1604,AA,24,ORD,3830,DSM,3729,Y,0,ERD ER4 E75
1605,AA,24,ORD,3830,DTW,3645,Y,0,ERD E75 ER4 CR7
1606,AA,24,ORD,3830,DUB,599,,0,763
1607,AA,24,ORD,3830,DUS,345,,0,763
1608,AA,24,ORD,3830,ELP,3559,Y,0,E75
1609,AA,24,ORD,3830,EVV,4018,Y,0,ER4 ERD
1610,AA,24,ORD,3830,EWR,3494,Y,0,CR7 E75
1611,AA,24,ORD,3830,FAR,4292,Y,0,ER4
1612,AA,24,ORD,3830,FCO,1555,,0,763
1613,AA,24,ORD,3830,FLL,3533,,0,738
1614,AA,24,ORD,3830,FNT,4089,Y,0,ER4 ERD
1615,AA,24,ORD,3830,FSD,4009,Y,0,ER4 ERD
1616,AA,24,ORD,3830,FWA,4041,Y,0,ERD ER4
1617,AA,24,ORD,3830,GRB,3653,Y,0,ER4
1618,AA,24,ORD,3830,GRR,3685,Y,0,ER4 ERD
1619,AA,24,ORD,3830,HKG,3077,Y,0,773
1620,AA,24,ORD,3830,HPN,3589,Y,0,ERD
1621,AA,24,ORD,3830,HSV,4113,Y,0,ER4
1622,AA,24,ORD,3830,IAH,3550,Y,0,CR7
1623,AA,24,ORD,3830,ICT,3457,Y,0,CRJ
1624,AA,24,ORD,3830,IND,3585,Y,0,ER4 ERD E75 CR7
1625,AA,24,ORD,3830,JAX,3712,Y,0,ER4 CR7
1626,AA,24,ORD,3830,JFK,3797,,0,738
1627,AA,24,ORD,3830,LAS,3877,,0,M83 738
1628,AA,24,ORD,3830,LAX,3484,,0,738
1629,AA,24,ORD,3830,LEX,4017,Y,0,ERD ER4
1630,AA,24,ORD,3830,LGA,3697,,0,738
1631,AA,24,ORD,3830,LHR,507,,0,763 777
1632,AA,24,ORD,3830,LIT,3660,Y,0,ER4 CR7
1633,AA,24,ORD,3830,LSE,4044,Y,0,ER4 ERD
1634,AA,24,ORD,3830,MAD,1229,,0,330
1635,AA,24,ORD,3830,MAN,478,,0,763
1636,AA,24,ORD,3830,MBJ,1780,,0,738
1637,AA,24,ORD,3830,MCI,3458,Y,0,ER4 CR7 E75 ERD
1638,AA,24,ORD,3830,MCO,3878,,0,738 M83 M80
1639,AA,24,ORD,3830,MDT,3542,Y,0,ERD CR7
1640,AA,24,ORD,3830,MEM,3473,Y,0,CR7 ER4 ERD
1641,AA,24,ORD,3830,MEX,1824,,0,738
1642,AA,24,ORD,3830,MHK,4050,Y,0,ERD ER4
1643,AA,24,ORD,3830,MIA,3576,,0,738 763
1644,AA,24,ORD,3830,MKE,3717,Y,0,CRJ
1645,AA,24,ORD,3830,MLI,4072,Y,0,ERD ER4
1646,AA,24,ORD,3830,MQT,3675,Y,0,ER4
1647,AA,24,ORD,3830,MSN,3459,Y,0,ER4 ERD
1648,AA,24,ORD,3830,MSP,3858,Y,0,E75 CR7
1649,AA,24,ORD,3830,MSY,3861,Y,0,E75
1650,AA,24,ORD,3830,NRT,2279,,0,773 777
1651,AA,24,ORD,3830,OKC,3863,Y,0,ER4 CR7
1652,AA,24,ORD,3830,OMA,3454,Y,0,E75 ER4 CR7
1653,AA,24,ORD,3830,PBI,3722,,0,M83 738 M80
1654,AA,24,ORD,3830,PDX,3720,,0,738
1655,AA,24,ORD,3830,PEK,3364,,0,777
1656,AA,24,ORD,3830,PHL,3752,,0,320 321 319 E90
1657,AA,24,ORD,3830,PHX,3462,,0,321 738 M83 320 M80
1658,AA,24,ORD,3830,PIA,4046,Y,0,ER4 ERD
1659,AA,24,ORD,3830,PIT,3570,Y,0,E75 CR7 ER4
1660,AA,24,ORD,3830,PSP,3839,,0,M83
1661,AA,24,ORD,3830,PVG,3406,,0,777
1662,AA,24,ORD,3830,PVR,1836,,0,M83
1663,AA,24,ORD,3830,RDU,3626,,0,738 M80 M83
1664,AA,24,ORD,3830,RIC,3608,Y,0,ERD
1665,AA,24,ORD,3830,RNO,3807,,0,738
1666,AA,24,ORD,3830,ROC,3622,Y,0,ERD ER4
1667,AA,24,ORD,3830,RST,4048,Y,0,ERD ER4
1668,AA,24,ORD,3830,RSW,3793,,0,M80 738
1669,AA,24,ORD,3830,SAN,3731,,0,738
1670,AA,24,ORD,3830,SAT,3621,Y,0,CR7 E75
1671,AA,24,ORD,3830,SDF,4014,Y,0,ERD ER4 E75
1672,AA,24,ORD,3830,SEA,3577,,0,738
1673,AA,24,ORD,3830,SFO,3469,,0,738
1674,AA,24,ORD,3830,SGF,4348,Y,0,ERD ER4
1675,AA,24,ORD,3830,SJC,3748,,0,738
1676,AA,24,ORD,3830,SJD,1840,,0,M83 738
1677,AA,24,ORD,3830,SJU,2890,,0,738
1678,AA,24,ORD,3830,SLC,3536,Y,0,E75 CR7
1679,AA,24,ORD,3830,SNA,3867,,0,738
1680,AA,24,ORD,3830,STL,3678,,0,M80 M83 738
1681,AA,24,ORD,3830,SUX,3753,Y,0,ER4 ERD
1682,AA,24,ORD,3830,SYR,3745,Y,0,CR7 ER4
1683,AA,24,ORD,3830,TOL,4040,Y,0,ERD ER4
1684,AA,24,ORD,3830,TPA,3646,,0,M83 738 M80
1685,AA,24,ORD,3830,TUL,3855,,0,738
1686,AA,24,ORD,3830,TUS,3636,,0,M83 M80
1687,AA,24,ORD,3830,TVC,4023,Y,0,ERD ER4
1688,AA,24,ORD,3830,TXL,351,Y,0,330
1689,AA,24,ORD,3830,TYS,3676,Y,0,ERD ER4
1690,AA,24,ORD,3830,XNA,4356,Y,0,ER4 CR7 ERD
1691,AA,24,ORD,3830,YKF,79,Y,0,ER4 ERD
1692,AA,24,ORD,3830,YUL,146,Y,0,CRJ
1693,AA,24,ORD,3830,YVR,156,,0,737
1694,AA,24,ORD,3830,YYC,178,,0,737
1695,AA,24,ORD,3830,YYZ,193,Y,0,CR7 E75 ER4
1696,AA,24,ORF,3611,CLT,3876,,0,319
1697,AA,24,ORF,3611,DCA,3520,,0,DH3
1698,AA,24,ORF,3611,DFW,3670,,0,M80 M83
1699,AA,24,ORF,3611,JFK,3797,Y,0,ER4
1700,AA,24,ORF,3611,LGA,3697,Y,0,ERD
1701,AA,24,ORF,3611,MIA,3576,Y,0,ER4
1702,AA,24,ORF,3611,PHL,3752,,0,DH3
1703,AA,24,ORY,1386,EWR,3494,Y,0,757
1704,AA,24,ORY,1386,JFK,3797,Y,0,757
1705,AA,24,OSL,644,LHR,507,Y,0,319 320
1706,AA,24,OTP,1657,LHR,507,Y,0,320
1707,AA,24,PAP,1897,FLL,3533,,0,738
1708,AA,24,PAP,1897,JFK,3797,,0,763
1709,AA,24,PAP,1897,MIA,3576,,0,738 763 757
1710,AA,24,PBC,1831,DFW,3670,Y,0,ERD
1711,AA,24,PBI,3722,CLT,3876,,0,737 320 319
1712,AA,24,PBI,3722,DCA,3520,Y,0,E75 E70
1713,AA,24,PBI,3722,DFW,3670,,0,738
1714,AA,24,PBI,3722,LAX,3484,,0,738
1715,AA,24,PBI,3722,LGA,3697,,0,738
1716,AA,24,PBI,3722,ORD,3830,,0,M83 738 M80
1717,AA,24,PBI,3722,PHL,3752,,0,E90 319
1718,AA,24,PDX,3720,BOS,3448,Y,0,737
1719,AA,24,PDX,3720,BUR,3644,Y,0,CR7
1720,AA,24,PDX,3720,CLT,3876,,0,320
1721,AA,24,PDX,3720,DCA,3520,Y,0,737
1722,AA,24,PDX,3720,DFW,3670,,0,M83
1723,AA,24,PDX,3720,LAX,3484,Y,0,737
1724,AA,24,PDX,3720,LGB,3582,Y,0,CR7
1725,AA,24,PDX,3720,OAK,3453,Y,0,DH4
1726,AA,24,PDX,3720,ONT,3734,Y,0,CR7
1727,AA,24,PDX,3720,ORD,3830,,0,738
1728,AA,24,PDX,3720,PHL,3752,,0,320
1729,AA,24,PDX,3720,PHX,3462,,0,321 320 319
1730,AA,24,PDX,3720,SAN,3731,Y,0,737
1731,AA,24,PDX,3720,SFO,3469,Y,0,DH4 737
1732,AA,24,PDX,3720,SJC,3748,Y,0,737 DH4
1733,AA,24,PDX,3720,SNA,3867,Y,0,737
1734,AA,24,PDX,3720,YVR,156,,0,DH4
1735,AA,24,PEK,3364,ORD,3830,,0,777
1736,AA,24,PEK,3364,SEA,3577,Y,0,787
1737,AA,24,PEN,3308,KUL,3304,,0,737
1738,AA,24,PER,3351,BNE,3320,Y,0,330 737
1739,AA,24,PER,3351,MEL,3339,Y,0,330 737
1740,AA,24,PER,3351,SYD,3361,Y,0,330 737
1741,AA,24,PGV,6959,CLT,3876,,0,DH8
1742,AA,24,PHF,3633,CLT,3876,Y,0,CR7 CRJ
1743,AA,24,PHF,3633,PHL,3752,,0,DH3
1744,AA,24,PHL,3752,ABE,4355,,0,DH3
1745,AA,24,PHL,3752,ALB,3864,,0,DH3
1746,AA,24,PHL,3752,AMS,580,,0,757
1747,AA,24,PHL,3752,ART,3838,Y,0,CRJ
1748,AA,24,PHL,3752,ATH,3941,,0,332
1749,AA,24,PHL,3752,ATL,3682,Y,0,E90 319 CRJ
1750,AA,24,PHL,3752,AUA,2895,,0,320
1751,AA,24,PHL,3752,AUS,3673,,0,319 E90
1752,AA,24,PHL,3752,AVP,4286,,0,DH3
1753,AA,24,PHL,3752,BCN,1218,,0,332
1754,AA,24,PHL,3752,BDA,4069,,0,319
1755,AA,24,PHL,3752,BDL,3825,,0,DH3 E90
1756,AA,24,PHL,3752,BGM,4129,,0,DH3
1757,AA,24,PHL,3752,BGR,3463,Y,0,E75 CRJ
1758,AA,24,PHL,3752,BHM,3811,Y,0,CRJ
1759,AA,24,PHL,3752,BNA,3690,Y,0,CRJ E75 E70
1760,AA,24,PHL,3752,BOS,3448,,0,E90 319 321 320
1761,AA,24,PHL,3752,BRU,302,,0,767
1762,AA,24,PHL,3752,BTV,3711,,0,E90
1763,AA,24,PHL,3752,BUF,3820,,0,DH3
1764,AA,24,PHL,3752,BWI,3849,,0,DH3 319 E90
1765,AA,24,PHL,3752,CAE,3561,Y,0,CRJ
1766,AA,24,PHL,3752,CAK,4112,Y,0,CRJ
1767,AA,24,PHL,3752,CDG,1382,,0,332
1768,AA,24,PHL,3752,CHO,4015,,0,DH3
1769,AA,24,PHL,3752,CHS,3806,Y,0,E75 CRJ
1770,AA,24,PHL,3752,CLE,3486,Y,0,CRJ E70 CR9 E75
1771,AA,24,PHL,3752,CLT,3876,,0,757 321 E90 737 767 332 319 320
1772,AA,24,PHL,3752,CMH,3759,Y,0,CRJ E75 E70
1773,AA,24,PHL,3752,CUN,1852,,0,757 332 321 319
1774,AA,24,PHL,3752,CVG,3488,,0,CRJ
1775,AA,24,PHL,3752,DAY,3627,,0,CRJ
1776,AA,24,PHL,3752,DCA,3520,,0,CRJ DH3 319 E90
1777,AA,24,PHL,3752,DEN,3751,,0,321 320
1778,AA,24,PHL,3752,DFW,3670,,0,M83 319 320 738 M80 E90 757
1779,AA,24,PHL,3752,DOH,11051,,0,777
1780,AA,24,PHL,3752,DTW,3645,,0,E90 320 319
1781,AA,24,PHL,3752,DUB,599,,0,332
1782,AA,24,PHL,3752,ELM,3946,,0,DH3
1783,AA,24,PHL,3752,ERI,4276,,0,DH3
1784,AA,24,PHL,3752,EWR,3494,,0,DH3
1785,AA,24,PHL,3752,FCO,1555,,0,333
1786,AA,24,PHL,3752,FLL,3533,,0,320 319
1787,AA,24,PHL,3752,FRA,340,,0,332 767
1788,AA,24,PHL,3752,GCM,1926,,0,319
1789,AA,24,PHL,3752,GLA,534,,0,757
1790,AA,24,PHL,3752,GSO,4008,Y,0,CRJ E75
1791,AA,24,PHL,3752,GSP,4034,Y,0,CRJ
1792,AA,24,PHL,3752,HPN,3589,,0,DH3
1793,AA,24,PHL,3752,HVN,4006,,0,DH3
1794,AA,24,PHL,3752,IAH,3550,,0,E90
1795,AA,24,PHL,3752,ILM,3845,Y,0,CRJ E75
1796,AA,24,PHL,3752,IND,3585,,0,E90 319
1797,AA,24,PHL,3752,IPT,3584,,0,DH3
1798,AA,24,PHL,3752,ISP,3857,,0,DH3
1799,AA,24,PHL,3752,ITH,3947,,0,DH3
1800,AA,24,PHL,3752,JAX,3712,,0,E90
1801,AA,24,PHL,3752,LAS,3877,,0,321 320
1802,AA,24,PHL,3752,LAX,3484,,0,321 320
1803,AA,24,PHL,3752,LGA,3697,,0,DH3 E90 319
1804,AA,24,PHL,3752,LHR,507,,0,333
1805,AA,24,PHL,3752,LIS,1638,,0,757
1806,AA,24,PHL,3752,MAD,1229,,0,333
1807,AA,24,PHL,3752,MAN,478,,0,332
1808,AA,24,PHL,3752,MBJ,1780,,0,320 319 321
1809,AA,24,PHL,3752,MCI,3458,Y,0,E70 E75 CRJ
1810,AA,24,PHL,3752,MCO,3878,,0,767 321 757 320 332
1811,AA,24,PHL,3752,MDT,3542,,0,DH3
1812,AA,24,PHL,3752,MHT,4011,Y,0,CRJ E75 E70
1813,AA,24,PHL,3752,MIA,3576,,0,738 321 757 320
1814,AA,24,PHL,3752,MKE,3717,Y,0,CRJ
1815,AA,24,PHL,3752,MSP,3858,,0,E90 319
1816,AA,24,PHL,3752,MSY,3861,Y,0,319 E90 E75
1817,AA,24,PHL,3752,MUC,346,,0,333
1818,AA,24,PHL,3752,MYR,3515,,0,CRJ
1819,AA,24,PHL,3752,NAS,1953,,0,319 320
1820,AA,24,PHL,3752,ORD,3830,,0,320 319 321 E90
1821,AA,24,PHL,3752,ORF,3611,,0,DH3
1822,AA,24,PHL,3752,PBI,3722,,0,319 E90
1823,AA,24,PHL,3752,PDX,3720,,0,320
1824,AA,24,PHL,3752,PHF,3633,,0,DH3
1825,AA,24,PHL,3752,PHX,3462,,0,321 757
1826,AA,24,PHL,3752,PIT,3570,,0,319 E90 320
1827,AA,24,PHL,3752,PLS,1754,,0,319
1828,AA,24,PHL,3752,PUJ,1760,,0,319 332 320
1829,AA,24,PHL,3752,PVD,3641,,0,E90 DH3
1830,AA,24,PHL,3752,PWM,3862,,0,E90
1831,AA,24,PHL,3752,RDU,3626,,0,319 E90
1832,AA,24,PHL,3752,RIC,3608,,0,DH3
1833,AA,24,PHL,3752,ROA,4016,,0,DH3
1834,AA,24,PHL,3752,ROC,3622,,0,DH3
1835,AA,24,PHL,3752,RSW,3793,,0,319 E90 320
1836,AA,24,PHL,3752,SAN,3731,,0,320
1837,AA,24,PHL,3752,SAT,3621,,0,E90
1838,AA,24,PHL,3752,SAV,3613,Y,0,E75 E70 CRJ
1839,AA,24,PHL,3752,SBY,3642,,0,DH3
1840,AA,24,PHL,3752,SCE,4318,,0,DH3
1841,AA,24,PHL,3752,SDF,4014,Y,0,CRJ CR9
1842,AA,24,PHL,3752,SDQ,1762,,0,320
1843,AA,24,PHL,3752,SEA,3577,,0,320 321
1844,AA,24,PHL,3752,SFO,3469,,0,320 321
1845,AA,24,PHL,3752,SJU,2890,,0,767 757 320
1846,AA,24,PHL,3752,SLC,3536,,0,320
1847,AA,24,PHL,3752,STL,3678,,0,CRJ
1848,AA,24,PHL,3752,STT,2883,,0,757
1849,AA,24,PHL,3752,SWF,3661,,0,DH3
1850,AA,24,PHL,3752,SXM,2899,,0,332
1851,AA,24,PHL,3752,SYR,3745,,0,DH3
1852,AA,24,PHL,3752,TLV,1590,,0,332
1853,AA,24,PHL,3752,TPA,3646,,0,321 320 319 737
1854,AA,24,PHL,3752,TYS,3676,Y,0,CRJ
1855,AA,24,PHL,3752,VCE,1551,,0,332
1856,AA,24,PHL,3752,YHZ,73,Y,0,E70 CRJ E75
1857,AA,24,PHL,3752,YOW,100,Y,0,CRJ
1858,AA,24,PHL,3752,YQB,111,Y,0,CRJ
1859,AA,24,PHL,3752,YUL,146,Y,0,CRJ
1860,AA,24,PHL,3752,YYZ,193,Y,0,CRJ E75
1861,AA,24,PHL,3752,ZRH,1678,,0,767
1862,AA,24,PHX,3462,ABQ,4019,Y,0,CR9 CRJ
1863,AA,24,PHX,3462,ANC,3774,,0,320
1864,AA,24,PHX,3462,ATL,3682,Y,0,321 320
1865,AA,24,PHX,3462,AUS,3673,,0,319 CR9
1866,AA,24,PHX,3462,BFL,3558,Y,0,CR9 CRJ
1867,AA,24,PHX,3462,BOI,3495,,0,319
1868,AA,24,PHX,3462,BOS,3448,,0,320 319
1869,AA,24,PHX,3462,BUR,3644,Y,0,CR9 CRJ
1870,AA,24,PHX,3462,BWI,3849,,0,321 319 320
1871,AA,24,PHX,3462,CLT,3876,,0,321 320
1872,AA,24,PHX,3462,CMH,3759,,0,320 319
1873,AA,24,PHX,3462,CUN,1852,,0,757 320 321
1874,AA,24,PHX,3462,DCA,3520,,0,757 320 319
1875,AA,24,PHX,3462,DEN,3751,,0,320 321
1876,AA,24,PHX,3462,DFW,3670,,0,M80 M83 319 738 321 320
1877,AA,24,PHX,3462,DRO,3713,Y,0,CRJ CR9
1878,AA,24,PHX,3462,DSM,3729,,0,319
1879,AA,24,PHX,3462,DTW,3645,,0,321 319
1880,AA,24,PHX,3462,ELP,3559,Y,0,CR9 CRJ
1881,AA,24,PHX,3462,EWR,3494,,0,320
1882,AA,24,PHX,3462,FAT,3687,Y,0,CR9 CRJ
1883,AA,24,PHX,3462,FLG,4261,Y,0,CRJ
1884,AA,24,PHX,3462,FLL,3533,,0,320 319
1885,AA,24,PHX,3462,GDL,1804,Y,0,CR9 CRJ
1886,AA,24,PHX,3462,GEG,3467,,0,319
1887,AA,24,PHX,3462,GJT,4063,Y,0,CRJ
1888,AA,24,PHX,3462,HNL,3728,,0,757
1889,AA,24,PHX,3462,IAH,3550,,0,319 321 320
1890,AA,24,PHX,3462,IND,3585,,0,320 319
1891,AA,24,PHX,3462,JFK,3797,,0,321
1892,AA,24,PHX,3462,KOA,3514,,0,757
1893,AA,24,PHX,3462,LAS,3877,,0,321 320 319
1894,AA,24,PHX,3462,LAX,3484,,0,321 319 320
1895,AA,24,PHX,3462,LGB,3582,,0,319
1896,AA,24,PHX,3462,LHR,507,Y,0,744
1897,AA,24,PHX,3462,LIH,3602,,0,757
1898,AA,24,PHX,3462,MCI,3458,,0,319
1899,AA,24,PHX,3462,MCO,3878,,0,320 321
1900,AA,24,PHX,3462,MEX,1824,,0,319
1901,AA,24,PHX,3462,MIA,3576,,0,738
1902,AA,24,PHX,3462,MKE,3717,,0,319
1903,AA,24,PHX,3462,MRY,3948,Y,0,CRJ
1904,AA,24,PHX,3462,MSP,3858,,0,320 321 319
1905,AA,24,PHX,3462,MZT,1826,,0,320 319
1906,AA,24,PHX,3462,OAK,3453,,0,319
1907,AA,24,PHX,3462,OGG,3456,,0,757
1908,AA,24,PHX,3462,OMA,3454,,0,319
1909,AA,24,PHX,3462,ONT,3734,,0,319 320
1910,AA,24,PHX,3462,ORD,3830,,0,M83 320 321 738
1911,AA,24,PHX,3462,PDX,3720,,0,319 320 321
1912,AA,24,PHX,3462,PHL,3752,,0,757 321
1913,AA,24,PHX,3462,PIT,3570,,0,319 320
1914,AA,24,PHX,3462,PSP,3839,Y,0,CR9 CRJ
1915,AA,24,PHX,3462,PVR,1836,,0,320 319 321
1916,AA,24,PHX,3462,RNO,3807,,0,319 320
1917,AA,24,PHX,3462,SAN,3731,,0,320 321
1918,AA,24,PHX,3462,SAT,3621,Y,0,CR9
1919,AA,24,PHX,3462,SBA,3949,Y,0,CRJ CR9
1920,AA,24,PHX,3462,SBP,5768,Y,0,CR9 CRJ
1921,AA,24,PHX,3462,SEA,3577,,0,320 321
1922,AA,24,PHX,3462,SFO,3469,,0,320 321
1923,AA,24,PHX,3462,SJC,3748,,0,319 320
1924,AA,24,PHX,3462,SJD,1840,,0,320 319 757 321
1925,AA,24,PHX,3462,SLC,3536,,0,319 321 320
1926,AA,24,PHX,3462,SMF,3817,,0,319 320 321
1927,AA,24,PHX,3462,SNA,3867,,0,319 320 321
1928,AA,24,PHX,3462,STL,3678,,0,319
1929,AA,24,PHX,3462,TPA,3646,,0,320
1930,AA,24,PHX,3462,TUS,3636,Y,0,CR9 CRJ
1931,AA,24,PHX,3462,YEG,49,,0,319 320 737
1932,AA,24,PHX,3462,YUM,3596,Y,0,CRJ
1933,AA,24,PHX,3462,YVR,156,,0,319 321
1934,AA,24,PHX,3462,YYC,178,,0,319 737
1935,AA,24,PHX,3462,ZIH,1856,,0,320
1936,AA,24,PIA,4046,DFW,3670,Y,0,ER4
1937,AA,24,PIA,4046,ORD,3830,Y,0,ER4 ERD
1938,AA,24,PIT,3570,BDL,3825,Y,0,ER4
1939,AA,24,PIT,3570,BOS,3448,Y,0,E70 CRJ
1940,AA,24,PIT,3570,CLT,3876,,0,319 737 321 320
1941,AA,24,PIT,3570,DCA,3520,Y,0,E75 E70 CRJ
1942,AA,24,PIT,3570,DFW,3670,,0,M80
1943,AA,24,PIT,3570,JFK,3797,Y,0,ER4
1944,AA,24,PIT,3570,LAX,3484,,0,738
1945,AA,24,PIT,3570,LGA,3697,Y,0,E75 CRJ
1946,AA,24,PIT,3570,MIA,3576,Y,0,ER4
1947,AA,24,PIT,3570,ORD,3830,Y,0,E75 CR7 ER4
1948,AA,24,PIT,3570,PHL,3752,,0,320 319 E90
1949,AA,24,PIT,3570,PHX,3462,,0,319 320
1950,AA,24,PIT,3570,RDU,3626,Y,0,ER4
1951,AA,24,PIT,3570,STL,3678,Y,0,ER4
1952,AA,24,PLS,1754,CLT,3876,,0,321
1953,AA,24,PLS,1754,DFW,3670,,0,738
1954,AA,24,PLS,1754,MIA,3576,,0,757
1955,AA,24,PLS,1754,PHL,3752,,0,319
1956,AA,24,PMC,2665,PUQ,2647,Y,0,320
1957,AA,24,PNS,3564,CLT,3876,,0,CR9
1958,AA,24,PNS,3564,DCA,3520,Y,0,CRJ
1959,AA,24,PNS,3564,DFW,3670,,0,M83 M80
1960,AA,24,PNS,3564,MIA,3576,Y,0,ER4
1961,AA,24,POA,2599,MIA,3576,,0,763
1962,AA,24,POP,1761,MIA,3576,,0,757
1963,AA,24,POS,2902,MIA,3576,,0,757
1964,AA,24,PPT,4075,AKL,2006,Y,0,340
1965,AA,24,PPT,4075,LAX,3484,Y,0,340
1966,AA,24,PRG,1587,LHR,507,Y,0,320
1967,AA,24,PSA,1562,LHR,507,Y,0,320 321
1968,AA,24,PSP,3839,DFW,3670,,0,M83 M80
1969,AA,24,PSP,3839,ORD,3830,,0,M83
1970,AA,24,PSP,3839,PHX,3462,Y,0,CRJ CR9
1971,AA,24,PSP,3839,SFO,3469,Y,0,737
1972,AA,24,PTP,2881,MIA,3576,,0,738
1973,AA,24,PTP,2881,SJU,2890,,0,SF3
1974,AA,24,PTY,1871,DFW,3670,,0,738
1975,AA,24,PTY,1871,MIA,3576,,0,738
1976,AA,24,PUJ,1760,CLT,3876,,0,319 757 321 320
1977,AA,24,PUJ,1760,MIA,3576,,0,738 757
1978,AA,24,PUJ,1760,PHL,3752,,0,319 332 320
1979,AA,24,PUS,2372,NRT,2279,,0,737
1980,AA,24,PVD,3641,CLT,3876,,0,320 321 319
1981,AA,24,PVD,3641,DCA,3520,Y,0,E75 CRJ E70
1982,AA,24,PVD,3641,PHL,3752,,0,E90 DH3
1983,AA,24,PVG,3406,LAX,3484,,0,777
1984,AA,24,PVG,3406,ORD,3830,,0,777
1985,AA,24,PVR,1836,DFW,3670,,0,M80 M83
1986,AA,24,PVR,1836,ORD,3830,,0,M83
1987,AA,24,PVR,1836,PHX,3462,,0,320 319 321
1988,AA,24,PVR,1836,SAN,3731,Y,0,737
1989,AA,24,PVR,1836,SFO,3469,Y,0,737
1990,AA,24,QRO,1838,DFW,3670,Y,0,ERD
1991,AA,24,RAP,4087,DFW,3670,Y,0,CRJ ER4
1992,AA,24,RDM,4103,LAX,3484,Y,0,CRJ
1993,AA,24,RDU,3626,CLT,3876,,0,321 320 737 319 E90
1994,AA,24,RDU,3626,DCA,3520,Y,0,CRJ ERD
1995,AA,24,RDU,3626,DFW,3670,,0,M83 M80 738
1996,AA,24,RDU,3626,JFK,3797,Y,0,ERD CR7
1997,AA,24,RDU,3626,LAX,3484,,0,738
1998,AA,24,RDU,3626,LGA,3697,Y,0,CR7 ERD
1999,AA,24,RDU,3626,LHR,507,,0,763
2000,AA,24,RDU,3626,MIA,3576,,0,738
2001,AA,24,RDU,3626,ORD,3830,,0,M80 738
2002,AA,24,RDU,3626,PHL,3752,,0,E90 319
2003,AA,24,RDU,3626,PIT,3570,Y,0,ER4
2004,AA,24,REC,2610,MIA,3576,,0,757
2005,AA,24,RIC,3608,BOS,3448,Y,0,CRJ
2006,AA,24,RIC,3608,CLT,3876,,0,319
2007,AA,24,RIC,3608,DFW,3670,,0,M80 M83
2008,AA,24,RIC,3608,LGA,3697,Y,0,ERD
2009,AA,24,RIC,3608,MIA,3576,Y,0,ER4
2010,AA,24,RIC,3608,ORD,3830,Y,0,ERD
2011,AA,24,RIC,3608,PHL,3752,,0,DH3
2012,AA,24,RNO,3807,DFW,3670,,0,M83 738
2013,AA,24,RNO,3807,LAX,3484,Y,0,CRJ
2014,AA,24,RNO,3807,ORD,3830,,0,738
2015,AA,24,RNO,3807,PHX,3462,,0,319 320
2016,AA,24,ROA,4016,CLT,3876,,0,DH8 DH3
2017,AA,24,ROA,4016,LGA,3697,Y,0,ERD
2018,AA,24,ROA,4016,PHL,3752,,0,DH3
2019,AA,24,ROC,3622,BOS,3448,Y,0,CRJ
2020,AA,24,ROC,3622,CLT,3876,,0,319
2021,AA,24,ROC,3622,DCA,3520,Y,0,CRJ E70
2022,AA,24,ROC,3622,ORD,3830,Y,0,ERD ER4
2023,AA,24,ROC,3622,PHL,3752,,0,DH3
2024,AA,24,ROW,3736,DFW,3670,Y,0,ERD
2025,AA,24,RST,4048,ORD,3830,Y,0,ERD ER4
2026,AA,24,RSW,3793,CLT,3876,,0,321 320 319 737
2027,AA,24,RSW,3793,DCA,3520,Y,0,E75 E70
2028,AA,24,RSW,3793,DFW,3670,,0,738
2029,AA,24,RSW,3793,DUS,345,Y,0,330
2030,AA,24,RSW,3793,ORD,3830,,0,738 M80
2031,AA,24,RSW,3793,PHL,3752,,0,319 E90 320
2032,AA,24,RTB,1774,DFW,3670,,0,738
2033,AA,24,RTB,1774,MIA,3576,,0,738
2034,AA,24,RTM,591,LHR,507,Y,0,319
2035,AA,24,SAF,3784,DFW,3670,Y,0,ER4 ERD
2036,AA,24,SAF,3784,LAX,3484,Y,0,CRJ
2037,AA,24,SAL,1892,DFW,3670,,0,738
2038,AA,24,SAL,1892,MIA,3576,,0,738
2039,AA,24,SAN,3731,BOS,3448,Y,0,737
2040,AA,24,SAN,3731,CLT,3876,,0,320 321
2041,AA,24,SAN,3731,DCA,3520,,0,319
2042,AA,24,SAN,3731,DFW,3670,,0,M83 M80 738 757
2043,AA,24,SAN,3731,JFK,3797,,0,738
2044,AA,24,SAN,3731,LAX,3484,Y,0,CRJ CR7
2045,AA,24,SAN,3731,LHR,507,Y,0,777
2046,AA,24,SAN,3731,MCO,3878,Y,0,737
2047,AA,24,SAN,3731,MIA,3576,,0,738
2048,AA,24,SAN,3731,NRT,2279,,0,787
2049,AA,24,SAN,3731,ORD,3830,,0,738
2050,AA,24,SAN,3731,PDX,3720,Y,0,737
2051,AA,24,SAN,3731,PHL,3752,,0,320
2052,AA,24,SAN,3731,PHX,3462,,0,321 320
2053,AA,24,SAN,3731,PVR,1836,Y,0,737
2054,AA,24,SAN,3731,SEA,3577,Y,0,737
2055,AA,24,SAN,3731,STS,6992,Y,0,DH4
2056,AA,24,SAN,3731,YYC,178,,0,737
2057,AA,24,SAP,1772,MIA,3576,,0,738
2058,AA,24,SAT,3621,CLT,3876,,0,319
2059,AA,24,SAT,3621,DFW,3670,,0,M80 M83
2060,AA,24,SAT,3621,ORD,3830,Y,0,E75 CR7
2061,AA,24,SAT,3621,PHL,3752,,0,E90
2062,AA,24,SAT,3621,PHX,3462,Y,0,CR9
2063,AA,24,SAV,3613,CLT,3876,,0,CRJ
2064,AA,24,SAV,3613,DCA,3520,Y,0,CRJ
2065,AA,24,SAV,3613,DFW,3670,Y,0,ER4
2066,AA,24,SAV,3613,PHL,3752,Y,0,E75 E70 CRJ
2067,AA,24,SBA,3949,PHX,3462,Y,0,CR9 CRJ
2068,AA,24,SBP,5768,PHX,3462,Y,0,CR9 CRJ
2069,AA,24,SBY,3642,CLT,3876,,0,DH8
2070,AA,24,SBY,3642,PHL,3752,,0,DH3
2071,AA,24,SCE,4318,PHL,3752,,0,DH3
2072,AA,24,SCL,2650,DFW,3670,,0,763
2073,AA,24,SCL,2650,JFK,3797,Y,0,787
2074,AA,24,SCL,2650,LIM,2789,Y,0,763
2075,AA,24,SCL,2650,MIA,3576,,0,763
2076,AA,24,SCL,2650,PMC,2665,Y,0,320
2077,AA,24,SCY,6045,GYE,2673,Y,0,319
2078,AA,24,SDF,4014,CLT,3876,,0,319
2079,AA,24,SDF,4014,DCA,3520,Y,0,CRJ E75
2080,AA,24,SDF,4014,DFW,3670,,0,M80 M83 319
2081,AA,24,SDF,4014,LGA,3697,Y,0,ERD
2082,AA,24,SDF,4014,MIA,3576,Y,0,ER4
2083,AA,24,SDF,4014,ORD,3830,Y,0,ERD ER4 E75
2084,AA,24,SDF,4014,PHL,3752,Y,0,CR9 CRJ
2085,AA,24,SDQ,1762,MIA,3576,,0,757 763
2086,AA,24,SDQ,1762,PHL,3752,,0,320
2087,AA,24,SEA,3577,BOS,3448,Y,0,737
2088,AA,24,SEA,3577,BUR,3644,Y,0,737
2089,AA,24,SEA,3577,CLT,3876,,0,320 321 319
2090,AA,24,SEA,3577,DEN,3751,Y,0,737
2091,AA,24,SEA,3577,DFW,3670,,0,738 757
2092,AA,24,SEA,3577,EWR,3494,Y,0,737
2093,AA,24,SEA,3577,JFK,3797,,0,738
2094,AA,24,SEA,3577,KTN,3808,Y,0,737
2095,AA,24,SEA,3577,LAX,3484,Y,0,737
2096,AA,24,SEA,3577,LGB,3582,Y,0,CR7
2097,AA,24,SEA,3577,LHR,507,,0,777
2098,AA,24,SEA,3577,MCI,3458,Y,0,737
2099,AA,24,SEA,3577,MCO,3878,Y,0,737
2100,AA,24,SEA,3577,MIA,3576,,0,757
2101,AA,24,SEA,3577,OAK,3453,Y,0,737
2102,AA,24,SEA,3577,ONT,3734,Y,0,737
2103,AA,24,SEA,3577,ORD,3830,,0,738
2104,AA,24,SEA,3577,PEK,3364,Y,0,787
2105,AA,24,SEA,3577,PHL,3752,,0,320 321
2106,AA,24,SEA,3577,PHX,3462,,0,321 320
2107,AA,24,SEA,3577,SAN,3731,Y,0,737
2108,AA,24,SEA,3577,SFO,3469,Y,0,737
2109,AA,24,SEA,3577,SJC,3748,Y,0,737
2110,AA,24,SEA,3577,SMF,3817,Y,0,737
2111,AA,24,SEA,3577,SNA,3867,Y,0,737
2112,AA,24,SEA,3577,STL,3678,Y,0,737
2113,AA,24,SEA,3577,YVR,156,Y,0,DH4
2114,AA,24,SFO,3469,CLT,3876,,0,321
2115,AA,24,SFO,3469,DFW,3670,,0,738 757 763
2116,AA,24,SFO,3469,HKG,3077,Y,0,773 744
2117,AA,24,SFO,3469,HND,2359,,0,787
2118,AA,24,SFO,3469,JFK,3797,,0,763 32B
2119,AA,24,SFO,3469,LAX,3484,,0,738
2120,AA,24,SFO,3469,LHR,507,Y,0,744
2121,AA,24,SFO,3469,MIA,3576,,0,757 763 738
2122,AA,24,SFO,3469,ORD,3830,,0,738
2123,AA,24,SFO,3469,PDX,3720,Y,0,737 DH4
2124,AA,24,SFO,3469,PHL,3752,,0,320 321
2125,AA,24,SFO,3469,PHX,3462,,0,321 320
2126,AA,24,SFO,3469,PSP,3839,Y,0,737
2127,AA,24,SFO,3469,PVR,1836,Y,0,737
2128,AA,24,SFO,3469,SEA,3577,Y,0,737
2129,AA,24,SGF,4348,DFW,3670,Y,0,ER4 ERD
2130,AA,24,SGF,4348,ORD,3830,Y,0,ER4 ERD
2131,AA,24,SGN,3205,NRT,2279,,0,763
2132,AA,24,SHV,3609,DFW,3670,Y,0,CRJ ERD ER4
2133,AA,24,SIN,3316,KUL,3304,,0,737
2134,AA,24,SIN,3316,NRT,2279,,0,763
2135,AA,24,SJC,3748,DFW,3670,,0,M83
2136,AA,24,SJC,3748,GDL,1804,Y,0,737
2137,AA,24,SJC,3748,HNL,3728,Y,0,737
2138,AA,24,SJC,3748,KOA,3514,Y,0,737
2139,AA,24,SJC,3748,LAX,3484,Y,0,CRJ CR7
2140,AA,24,SJC,3748,LIH,3602,Y,0,737
2141,AA,24,SJC,3748,OGG,3456,Y,0,737
2142,AA,24,SJC,3748,ORD,3830,,0,738
2143,AA,24,SJC,3748,PDX,3720,Y,0,737 DH4
2144,AA,24,SJC,3748,PHX,3462,,0,320 319
2145,AA,24,SJC,3748,SEA,3577,Y,0,737
2146,AA,24,SJD,1840,CLT,3876,,0,320
2147,AA,24,SJD,1840,DFW,3670,,0,M80 M83
2148,AA,24,SJD,1840,LAX,3484,,0,M83 738
2149,AA,24,SJD,1840,ORD,3830,,0,M83 738
2150,AA,24,SJD,1840,PHX,3462,,0,320 319 757 321
2151,AA,24,SJO,1885,CLT,3876,,0,319
2152,AA,24,SJO,1885,DFW,3670,,0,757
2153,AA,24,SJO,1885,JFK,3797,,0,738
2154,AA,24,SJO,1885,MIA,3576,,0,757 738
2155,AA,24,SJT,3708,DFW,3670,Y,0,ER4 CRJ ERD
2156,AA,24,SJU,2890,CCS,2851,,0,738
2157,AA,24,SJU,2890,CLT,3876,,0,321
2158,AA,24,SJU,2890,DFW,3670,,0,757
2159,AA,24,SJU,2890,DOM,2877,,0,SF3
2160,AA,24,SJU,2890,EIS,2903,,0,SF3
2161,AA,24,SJU,2890,FDF,2878,,0,SF3
2162,AA,24,SJU,2890,JFK,3797,,0,757
2163,AA,24,SJU,2890,MIA,3576,,0,738 757
2164,AA,24,SJU,2890,ORD,3830,,0,738
2165,AA,24,SJU,2890,PHL,3752,,0,757 767 320
2166,AA,24,SJU,2890,PTP,2881,,0,SF3
2167,AA,24,SJU,2890,VIJ,6080,,0,DHT
2168,AA,24,SJU,2890,VQS,6788,,0,DHT
2169,AA,24,SKB,2891,MIA,3576,,0,738
2170,AA,24,SLC,3536,CLT,3876,,0,320
2171,AA,24,SLC,3536,DFW,3670,,0,M80 M83
2172,AA,24,SLC,3536,LAX,3484,Y,0,CRJ CR7
2173,AA,24,SLC,3536,ORD,3830,Y,0,E75 CR7
2174,AA,24,SLC,3536,PHL,3752,,0,320
2175,AA,24,SLC,3536,PHX,3462,,0,320 319 321
2176,AA,24,SLP,1842,DFW,3670,Y,0,ERD
2177,AA,24,SMF,3817,CLT,3876,,0,321
2178,AA,24,SMF,3817,DFW,3670,,0,M83
2179,AA,24,SMF,3817,LAX,3484,Y,0,CRJ
2180,AA,24,SMF,3817,OGG,3456,Y,0,737
2181,AA,24,SMF,3817,PHX,3462,,0,320 319 321
2182,AA,24,SMF,3817,SEA,3577,Y,0,737
2183,AA,24,SNA,3867,DFW,3670,,0,738
2184,AA,24,SNA,3867,ORD,3830,,0,738
2185,AA,24,SNA,3867,PDX,3720,Y,0,737
2186,AA,24,SNA,3867,PHX,3462,,0,320 319 321
2187,AA,24,SNA,3867,SEA,3577,Y,0,737
2188,AA,24,SOF,1194,LHR,507,Y,0,320
2189,AA,24,SPS,3680,DFW,3670,Y,0,ERD ER4 CRJ
2190,AA,24,SRQ,4067,CLT,3876,Y,0,CR9 E75
2191,AA,24,SRQ,4067,DCA,3520,Y,0,CRJ
2192,AA,24,SSA,2621,MIA,3576,,0,757
2193,AA,24,STI,1764,MIA,3576,,0,757 738
2194,AA,24,STL,3678,CLT,3876,,0,319
2195,AA,24,STL,3678,DCA,3520,Y,0,CR7
2196,AA,24,STL,3678,DFW,3670,,0,M83 M80 738
2197,AA,24,STL,3678,LAX,3484,,0,M83
2198,AA,24,STL,3678,LGA,3697,Y,0,CR7
2199,AA,24,STL,3678,MIA,3576,,0,738
2200,AA,24,STL,3678,ORD,3830,,0,M80 M83 738
2201,AA,24,STL,3678,PHL,3752,Y,0,E75 CRJ E70
2202,AA,24,STL,3678,PHX,3462,,0,319
2203,AA,24,STL,3678,PIT,3570,Y,0,ER4
2204,AA,24,STL,3678,SEA,3577,Y,0,737
2205,AA,24,STR,350,LHR,507,Y,0,319 320
2206,AA,24,STS,6992,LAX,3484,Y,0,DH4
2207,AA,24,STS,6992,SAN,3731,Y,0,DH4
2208,AA,24,STT,2883,CLT,3876,,0,757 767
2209,AA,24,STT,2883,JFK,3797,,0,757
2210,AA,24,STT,2883,MIA,3576,,0,757
2211,AA,24,STT,2883,PHL,3752,,0,757
2212,AA,24,STX,2884,MIA,3576,,0,738
2213,AA,24,SUX,3753,ORD,3830,Y,0,ERD ER4
2214,AA,24,SVG,666,LHR,507,Y,0,319
2215,AA,24,SWF,3661,PHL,3752,,0,DH3
2216,AA,24,SXM,2899,CLT,3876,,0,757 319
2217,AA,24,SXM,2899,JFK,3797,,0,757
2218,AA,24,SXM,2899,MIA,3576,,0,757 738
2219,AA,24,SXM,2899,PHL,3752,,0,332
2220,AA,24,SYD,3361,ADL,3341,Y,0,737
2221,AA,24,SYD,3361,AKL,2006,Y,0,737
2222,AA,24,SYD,3361,ASP,3319,Y,0,737
2223,AA,24,SYD,3361,BNE,3320,Y,0,737 763
2224,AA,24,SYD,3361,CBR,3355,Y,0,737
2225,AA,24,SYD,3361,CHC,2009,Y,0,737
2226,AA,24,SYD,3361,CNS,3322,Y,0,763 737
2227,AA,24,SYD,3361,DFW,3670,Y,0,744
2228,AA,24,SYD,3361,DRW,3999,Y,0,737
2229,AA,24,SYD,3361,HNL,3728,Y,0,763
2230,AA,24,SYD,3361,LAX,3484,Y,0,744 380
2231,AA,24,SYD,3361,MEL,3339,,0,737
2232,AA,24,SYD,3361,PER,3351,Y,0,330 763
2233,AA,24,SYR,3745,BOS,3448,,0,DH3
2234,AA,24,SYR,3745,CLT,3876,,0,320 319
2235,AA,24,SYR,3745,DCA,3520,Y,0,E70 CRJ
2236,AA,24,SYR,3745,ORD,3830,Y,0,CR7 ER4
2237,AA,24,SYR,3745,PHL,3752,,0,DH3
2238,AA,24,TGU,1776,MIA,3576,,0,757
2239,AA,24,TLH,3698,CLT,3876,Y,0,CR7 CRJ
2240,AA,24,TLH,3698,DCA,3520,Y,0,CRJ
2241,AA,24,TLH,3698,DFW,3670,Y,0,ERD ER4
2242,AA,24,TLH,3698,MIA,3576,Y,0,ERD ER4
2243,AA,24,TLS,1273,LHR,507,Y,0,320 319
2244,AA,24,TLV,1590,PHL,3752,,0,332
2245,AA,24,TOL,4040,ORD,3830,Y,0,ER4 ERD
2246,AA,24,TPA,3646,CLT,3876,,0,320 737 321 319
2247,AA,24,TPA,3646,DCA,3520,,0,319
2248,AA,24,TPA,3646,DFW,3670,,0,738 M83 M80
2249,AA,24,TPA,3646,JFK,3797,Y,0,CR7
2250,AA,24,TPA,3646,LGW,502,Y,0,777
2251,AA,24,TPA,3646,MIA,3576,,0,738
2252,AA,24,TPA,3646,ORD,3830,,0,738 M83 M80
2253,AA,24,TPA,3646,PHL,3752,,0,737 321 319 320
2254,AA,24,TPA,3646,PHX,3462,,0,320
2255,AA,24,TPE,2276,NRT,2279,,0,737
2256,AA,24,TRC,1845,DFW,3670,Y,0,ER4
2257,AA,24,TRI,4116,CLT,3876,,0,DH3 DH8
2258,AA,24,TSV,3330,BNE,3320,Y,0,737
2259,AA,24,TUL,3855,DFW,3670,,0,M80 738 M83 757
2260,AA,24,TUL,3855,MIA,3576,,0,738
2261,AA,24,TUL,3855,ORD,3830,,0,738
2262,AA,24,TUS,3636,DFW,3670,,0,M80 M83
2263,AA,24,TUS,3636,LAX,3484,Y,0,CRJ
2264,AA,24,TUS,3636,ORD,3830,,0,M83 M80
2265,AA,24,TUS,3636,PHX,3462,Y,0,CR9 CRJ
2266,AA,24,TVC,4023,ORD,3830,Y,0,ERD ER4
2267,AA,24,TXK,3770,DFW,3670,Y,0,ERD ER4
2268,AA,24,TXL,351,JFK,3797,Y,0,330
2269,AA,24,TXL,351,LHR,507,Y,0,320 319 321
2270,AA,24,TXL,351,MIA,3576,Y,0,330
2271,AA,24,TXL,351,ORD,3830,Y,0,330
2272,AA,24,TYR,3848,DFW,3670,Y,0,ERD ER4 CRJ
2273,AA,24,TYS,3676,CLT,3876,Y,0,CR7 CRJ
2274,AA,24,TYS,3676,DCA,3520,Y,0,CRJ
2275,AA,24,TYS,3676,DFW,3670,Y,0,ER4 CRJ ERD
2276,AA,24,TYS,3676,LGA,3697,Y,0,ERD
2277,AA,24,TYS,3676,ORD,3830,Y,0,ERD ER4
2278,AA,24,TYS,3676,PHL,3752,Y,0,CRJ
2279,AA,24,UIO,2688,GYE,2673,Y,0,319
2280,AA,24,UIO,2688,MIA,3576,,0,757
2281,AA,24,UVF,2894,CLT,3876,,0,320 319
2282,AA,24,UVF,2894,MIA,3576,,0,757
2283,AA,24,VCE,1551,LHR,507,Y,0,320 319
2284,AA,24,VCE,1551,PHL,3752,,0,332
2285,AA,24,VIE,1613,LHR,507,Y,0,320
2286,AA,24,VIJ,6080,SJU,2890,,0,DHT
2287,AA,24,VPS,3873,CLT,3876,Y,0,CRJ CR7
2288,AA,24,VPS,3873,DCA,3520,Y,0,CRJ
2289,AA,24,VPS,3873,DFW,3670,Y,0,CRJ ER4 ERD
2290,AA,24,VQS,6788,SJU,2890,,0,DHT
2291,AA,24,VVI,2771,MIA,3576,,0,757
2292,AA,24,WAW,679,LHR,507,Y,0,320
2293,AA,24,XNA,4356,CLT,3876,Y,0,CR7 CRJ
2294,AA,24,XNA,4356,DFW,3670,,0,M80
2295,AA,24,XNA,4356,LAX,3484,Y,0,CR7
2296,AA,24,XNA,4356,LGA,3697,Y,0,CR7
2297,AA,24,XNA,4356,ORD,3830,Y,0,CR7 ER4 ERD
2298,AA,24,YEG,49,DFW,3670,,0,319
2299,AA,24,YEG,49,LAS,3877,,0,737
2300,AA,24,YEG,49,LAX,3484,,0,737
2301,AA,24,YEG,49,PHX,3462,,0,320 319 737
2302,AA,24,YHZ,73,DCA,3520,Y,0,CRJ
2303,AA,24,YHZ,73,PHL,3752,Y,0,E70 CRJ E75
2304,AA,24,YKF,79,ORD,3830,Y,0,ER4 ERD
2305,AA,24,YOW,100,CLT,3876,Y,0,CRJ
2306,AA,24,YOW,100,PHL,3752,Y,0,CRJ
2307,AA,24,YQB,111,PHL,3752,Y,0,CRJ
2308,AA,24,YUL,146,AMM,2170,Y,0,330
2309,AA,24,YUL,146,CLT,3876,Y,0,CRJ
2310,AA,24,YUL,146,DCA,3520,Y,0,CRJ
2311,AA,24,YUL,146,DFW,3670,,0,738
2312,AA,24,YUL,146,DTW,3645,Y,0,330
2313,AA,24,YUL,146,JFK,3797,Y,0,ERD
2314,AA,24,YUL,146,LGA,3697,Y,0,ERD
2315,AA,24,YUL,146,LHR,507,Y,0,777
2316,AA,24,YUL,146,MIA,3576,,0,738
2317,AA,24,YUL,146,ORD,3830,Y,0,CRJ
2318,AA,24,YUL,146,PHL,3752,Y,0,CRJ
2319,AA,24,YUM,3596,PHX,3462,Y,0,CRJ
2320,AA,24,YVR,156,DFW,3670,,0,738
2321,AA,24,YVR,156,LAS,3877,,0,737
2322,AA,24,YVR,156,LAX,3484,,0,737
2323,AA,24,YVR,156,LHR,507,Y,0,744
2324,AA,24,YVR,156,NRT,2279,,0,787
2325,AA,24,YVR,156,ORD,3830,,0,737
2326,AA,24,YVR,156,PDX,3720,Y,0,DH4
2327,AA,24,YVR,156,PHX,3462,,0,321 319
2328,AA,24,YVR,156,SEA,3577,Y,0,DH4
2329,AA,24,YYC,178,DFW,3670,,0,M83 M80 738
2330,AA,24,YYC,178,JFK,3797,,0,737
2331,AA,24,YYC,178,LAS,3877,,0,737
2332,AA,24,YYC,178,LAX,3484,,0,737
2333,AA,24,YYC,178,LHR,507,Y,0,767
2334,AA,24,YYC,178,ORD,3830,,0,737
2335,AA,24,YYC,178,PHX,3462,,0,319 737
2336,AA,24,YYC,178,SAN,3731,,0,737
2337,AA,24,YYZ,193,CLT,3876,Y,0,E75 CRJ
2338,AA,24,YYZ,193,DCA,3520,Y,0,CRJ
2339,AA,24,YYZ,193,DFW,3670,,0,319
2340,AA,24,YYZ,193,JFK,3797,Y,0,CR7
2341,AA,24,YYZ,193,LAS,3877,,0,737
2342,AA,24,YYZ,193,LAX,3484,,0,738
2343,AA,24,YYZ,193,LGA,3697,Y,0,CR7
2344,AA,24,YYZ,193,LHR,507,Y,0,787 744
2345,AA,24,YYZ,193,MCO,3878,,0,737
2346,AA,24,YYZ,193,MIA,3576,,0,738
2347,AA,24,YYZ,193,ORD,3830,Y,0,E75 CR7 ER4
2348,AA,24,YYZ,193,PHL,3752,Y,0,E75 CRJ
2349,AA,24,ZAG,1208,LHR,507,Y,0,319 320
2350,AA,24,ZCL,1855,DFW,3670,Y,0,ERD
2351,AA,24,ZIH,1856,PHX,3462,,0,320
2352,AA,24,ZRH,1678,JFK,3797,,0,763
2353,AA,24,ZRH,1678,LHR,507,Y,0,320 319
2354,AA,24,ZRH,1678,PHL,3752,,0,767